aperio_slide,frame_id,x,y,tissue_frac,reg_ok,ecc_score,lab_L,lab_a,lab_b,lab_total,ssim,psnr,mae
A06,00A,0,0,0.485,True,0.92358,58.44734,21.42941,11.37749,91.25425,0.57084,11.95732,53.73868
A06,00A,512,0,0.507,True,0.92358,57.65208,21.82473,11.99807,91.47489,0.61685,12.4904,52.73054
A06,00A,1024,0,0.514,True,0.92358,57.67384,21.02352,12.33055,91.02791,0.602,12.58348,52.93782
A06,00A,1027,0,0.513,True,0.92358,57.64908,21.00552,12.33723,90.99184,0.60131,12.58495,52.92329
A06,00A,0,512,0.489,True,0.92358,58.94586,22.65539,11.4849,93.08615,0.5523,11.92105,54.335
A06,00A,512,512,0.509,True,0.92358,56.94688,21.90033,11.80865,90.65585,0.58116,12.52427,52.24359
A06,00A,1024,512,0.538,True,0.92358,56.1177,19.77506,12.06102,87.95378,0.63815,12.75775,51.79665
A06,00A,1027,512,0.539,True,0.92358,56.10619,19.75584,12.07178,87.93381,0.63747,12.75784,51.79395
A06,00A,0,864,0.526,True,0.92358,58.58985,21.20048,11.9684,91.75873,0.56831,12.03838,54.14326
A06,00A,512,864,0.502,True,0.92358,57.27783,22.39545,11.73697,91.41025,0.60382,12.52783,52.37388
A06,00A,1024,864,0.486,True,0.92358,55.79925,22.18165,11.0743,89.05521,0.66028,12.8415,50.8924
A06,00A,1027,864,0.486,True,0.92358,55.75327,22.16458,11.0755,88.99335,0.65969,12.84186,50.89074
A06,00B,0,0,0.506,True,0.94068,59.10666,21.23396,12.09582,92.43644,0.62006,12.11608,54.22698
A06,00B,512,0,0.486,True,0.94068,54.80723,20.44738,11.83437,87.08898,0.66109,12.86356,49.83703
A06,00B,1024,0,0.535,True,0.94068,56.58364,20.58888,11.7876,88.96012,0.6686,12.53148,51.78454
A06,00B,1027,0,0.535,True,0.94068,56.67227,20.67652,11.80107,89.14986,0.66816,12.52528,51.82054
A06,00B,0,512,0.525,True,0.94068,57.82827,20.3882,12.13317,90.34964,0.66634,12.36361,53.05617
A06,00B,512,512,0.498,True,0.94068,55.83404,21.66113,12.2873,89.78248,0.61961,12.73623,50.82006
A06,00B,1024,512,0.524,True,0.94068,55.73868,20.95676,11.93669,88.63213,0.67041,12.78272,50.77401
A06,00B,1027,512,0.524,True,0.94068,55.77379,20.97314,11.93277,88.67969,0.67068,12.78203,50.77891
A06,00B,0,864,0.504,True,0.94068,57.18186,21.19898,11.80205,90.18289,0.66262,12.46274,52.34679
A06,00B,512,864,0.473,True,0.94068,56.95456,23.4935,12.46672,92.91478,0.62208,12.675,51.23426
A06,00B,1024,864,0.497,True,0.94068,56.95949,22.33884,12.24764,91.54598,0.66758,12.67386,51.55458
A06,00B,1027,864,0.497,True,0.94068,57.02275,22.33483,12.26997,91.62755,0.66776,12.67358,51.55202
A06,00C,0,0,0.489,True,0.90966,58.17833,22.86175,11.57888,92.61896,0.59782,12.15854,53.13513
A06,00C,512,0,0.474,True,0.90966,58.37582,23.12585,11.85982,93.36149,0.56013,12.28332,53.17429
A06,00C,1024,0,0.477,True,0.90966,57.32211,21.95837,11.34188,90.62236,0.65533,12.47764,52.27578
A06,00C,1027,0,0.477,True,0.90966,57.38027,21.94624,11.34759,90.6741,0.65506,12.47728,52.27421
A06,00C,0,512,0.456,True,0.90966,57.23458,24.32306,11.38835,92.94599,0.58355,12.32691,51.81689
A06,00C,512,512,0.472,True,0.90966,57.82612,24.11506,11.80011,93.74129,0.61228,12.5495,52.08442
A06,00C,1024,512,0.46,True,0.90966,57.23379,24.02494,11.59858,92.8573,0.61067,12.65856,51.67635
A06,00C,1027,512,0.46,True,0.90966,57.17799,24.00119,11.60151,92.7807,0.60975,12.65903,51.66416
A06,00C,0,864,0.43,True,0.90966,56.92642,26.08948,10.48209,93.49798,0.60625,12.41502,51.01429
A06,00C,512,864,0.462,True,0.90966,58.44286,24.84779,11.73606,95.02672,0.60396,12.44289,52.45546
A06,00C,1024,864,0.465,True,0.90966,57.59201,24.25219,11.3662,93.2104,0.62169,12.60593,52.03872
A06,00C,1027,864,0.465,True,0.90966,57.50113,24.20944,11.34901,93.05958,0.62087,12.60468,52.04031
A06,00D,0,0,0.473,True,0.92998,58.077,22.8071,11.10658,91.99068,0.6335,12.07358,53.04039
A06,00D,512,0,0.481,True,0.92998,58.79718,22.68782,12.01233,93.49734,0.64121,12.09163,53.37601
A06,00D,1024,0,0.479,True,0.92998,60.16533,22.85622,11.89831,94.91986,0.64122,11.83741,54.86502
A06,00D,1027,0,0.479,True,0.92998,60.1165,22.84799,11.88913,94.85361,0.64052,11.83573,54.87233
A06,00D,0,512,0.48,True,0.92998,56.30105,23.19712,11.42382,90.922,0.63119,12.65317,51.11211
A06,00D,512,512,0.485,True,0.92998,56.60406,23.18521,12.05126,91.84053,0.63477,12.65352,51.15408
A06,00D,1024,512,0.478,True,0.92998,58.09881,23.36923,12.11155,93.57959,0.6684,12.53382,52.52046
A06,00D,1027,512,0.478,True,0.92998,58.09972,23.37159,12.11393,93.58523,0.66747,12.53145,52.537
A06,00D,0,864,0.479,True,0.92998,55.74958,23.16898,11.25108,90.16964,0.64887,12.76209,50.4942
A06,00D,512,864,0.487,True,0.92998,56.1577,22.26721,11.97994,90.40485,0.65817,12.70975,50.77703
A06,00D,1024,864,0.475,True,0.92998,58.25701,23.7826,11.99754,94.03716,0.66493,12.47766,52.73684
A06,00D,1027,864,0.475,True,0.92998,58.3084,23.7739,11.98312,94.06543,0.6641,12.47474,52.75805
A06,01A,512,0,0.43,True,0.93135,58.88768,25.99939,10.25932,95.14638,0.68543,12.46001,52.82748
A06,01A,1024,0,0.486,True,0.93135,59.66404,25.61426,11.45707,96.73536,0.63665,12.31455,53.80941
A06,01A,1027,0,0.486,True,0.93135,59.67114,25.61474,11.46403,96.74992,0.63659,12.31551,53.79822
A06,01A,512,512,0.458,True,0.93135,56.6097,22.54718,10.35003,89.50691,0.69839,12.75005,51.42917
A06,01A,1024,512,0.497,True,0.93135,58.09129,23.68054,11.47279,93.24461,0.63638,12.51609,52.74716
A06,01A,1027,512,0.496,True,0.93135,58.11957,23.70262,11.47929,93.30147,0.63635,12.51549,52.75065
A06,01A,0,864,0.433,True,0.93135,61.84181,23.97484,10.42051,96.23715,0.73101,11.72712,55.84453
A06,01A,512,864,0.51,True,0.93135,60.43819,22.77479,11.40801,94.62099,0.68182,12.26852,55.05158
A06,01A,1024,864,0.488,True,0.93135,58.83077,24.08311,11.74998,94.66386,0.63566,12.43528,53.32686
A06,01A,1027,864,0.488,True,0.93135,58.81669,24.09072,11.74379,94.6512,0.63568,12.43346,53.34107
A06,01B,0,0,0.476,True,0.93291,60.76978,23.99944,11.55221,96.32143,0.61843,11.90353,55.03866
A06,01B,512,0,0.422,True,0.93291,55.97138,25.76794,10.0052,91.74452,0.71763,12.87478,49.74373
A06,01B,1024,0,0.437,True,0.93291,55.26215,25.77483,9.80559,90.84257,0.69318,12.92802,49.37555
A06,01B,1027,0,0.438,True,0.93291,55.26854,25.69983,9.83261,90.80098,0.69345,12.93053,49.37475
A06,01B,0,512,0.408,True,0.93291,58.61245,24.46468,10.57991,93.65704,0.61218,12.27086,52.65602
A06,01B,512,512,0.457,True,0.93291,57.74603,24.74598,10.93313,93.42515,0.73577,12.75663,51.58533
A06,01B,1024,512,0.403,True,0.93291,53.76795,27.12318,9.00896,89.9001,0.67118,13.04659,47.99345
A06,01B,1027,512,0.402,True,0.93291,53.8066,27.12892,9.00759,89.94311,0.67156,13.05646,47.92371
A06,01B,0,864,0.417,True,0.93291,58.75232,24.7758,10.69211,94.22024,0.62224,12.2644,52.78515
A06,01B,512,864,0.445,True,0.93291,57.72972,25.4841,10.39956,93.61338,0.72264,12.68036,51.44296
A06,01B,1024,864,0.371,True,0.93291,54.00494,26.95229,8.97431,89.93153,0.71301,13.12791,47.5946
A06,01B,1027,864,0.371,True,0.93291,53.94702,26.92352,8.95987,89.83041,0.7133,13.12853,47.58305
A06,01C,0,0,0.333,True,0.86933,54.51014,21.72988,8.74802,84.98803,0.74153,12.7328,49.17104
A06,01C,512,0,0.476,True,0.86933,60.63784,24.51622,11.01972,96.17379,0.67284,12.27082,54.97451
A06,01C,1024,0,0.474,True,0.86933,60.53561,24.8897,11.91076,97.33607,0.62756,12.27085,54.7037
A06,01C,1027,0,0.474,True,0.86933,60.58531,24.86882,11.90937,97.3635,0.62767,12.26618,54.73203
A06,01C,512,512,0.411,True,0.86933,59.54175,24.34265,10.6532,94.53761,0.68636,12.41089,53.61362
A06,01C,1024,512,0.446,True,0.86933,61.53097,25.02269,11.9743,98.52795,0.62989,12.14433,55.64224
A06,01C,1027,512,0.447,True,0.86933,61.88362,24.90594,11.94902,98.73859,0.6287,12.05647,55.98456
A06,01C,1024,864,0.427,True,0.86933,61.91799,25.3748,12.75898,100.05177,0.57003,11.85417,56.77365
A06,01C,1027,864,0.427,True,0.86933,62.55119,25.15916,12.68572,100.39608,0.56809,11.69954,57.39599
A06,01D,0,0,0.45,True,0.88392,60.41348,23.91037,11.39431,95.71816,0.6177,12.03084,54.83721
A06,01D,512,0,0.361,True,0.88392,59.95466,28.73858,9.66827,98.36152,0.70822,12.22002,52.80488
A06,01D,1024,0,0.374,True,0.88392,57.01403,27.63204,8.82344,93.46952,0.69709,12.34945,50.58052
A06,01D,1027,0,0.373,True,0.88392,57.327,27.52967,8.79741,93.65408,0.69567,12.26046,50.91361
A06,01D,0,512,0.441,True,0.88392,61.90385,24.58526,12.11824,98.60736,0.6112,12.00566,56.05753
A06,01D,512,512,0.398,True,0.88392,61.22066,27.89877,10.57927,99.6987,0.70658,12.20288,54.42712
A06,01D,1024,512,0.372,True,0.88392,46.84211,17.74449,7.44435,72.03096,0.72582,13.76349,43.78366
A06,01D,1027,512,0.372,True,0.88392,47.51238,17.47683,7.37953,72.36875,0.72307,13.46948,44.5095
A06,01D,0,864,0.392,True,0.88392,63.31339,24.89602,12.72414,100.93355,0.55533,11.5686,58.63562
A06,02A,0,0,0.366,True,0.90947,59.14737,26.59421,9.29045,95.03203,0.67141,11.97007,52.80523
A06,02A,512,0,0.392,True,0.90947,57.59107,24.61241,9.51396,91.71744,0.60284,12.00211,52.17834
A06,02A,1024,0,0.445,True,0.90947,59.5682,23.55964,10.70829,93.83614,0.61952,11.69326,54.17322
A06,02A,1027,0,0.446,True,0.90947,59.66067,23.50049,10.70866,93.86982,0.61869,11.67251,54.2783
A06,02A,0,512,0.405,True,0.90947,58.90709,26.12984,10.28163,95.31856,0.64355,12.38245,53.05146
A06,02A,512,512,0.411,True,0.90947,57.46819,26.17193,10.56515,94.20527,0.56066,12.5031,51.83611
A06,02A,1024,512,0.434,True,0.90947,57.99296,25.39579,11.44645,94.83519,0.60542,12.43866,52.17054
A06,02A,1027,512,0.434,True,0.90947,58.56841,25.28016,11.40711,95.25568,0.6036,12.28769,52.68266
A06,02A,0,864,0.424,True,0.90947,60.80375,24.56352,11.81963,97.1869,0.6456,12.23821,54.96624
A06,02A,512,864,0.42,True,0.90947,59.41128,26.58611,11.05578,97.05316,0.57517,12.24456,53.59835
A06,02A,1024,864,0.422,True,0.90947,59.25793,26.59848,11.52045,97.37685,0.60751,12.27675,53.03048
A06,02A,1027,864,0.422,True,0.90947,60.02072,26.36496,11.44454,97.83022,0.60498,12.04772,53.83343
A06,02B,0,0,0.491,True,0.94402,61.41748,20.29282,11.26344,92.97375,0.70597,11.3889,56.46868
A06,02B,512,0,0.483,True,0.94402,61.5273,21.6637,11.08371,94.27471,0.7338,11.56711,56.2203
A06,02B,1024,0,0.469,True,0.94402,60.82006,20.66348,10.68792,92.17147,0.72105,11.5186,55.96409
A06,02B,1027,0,0.469,True,0.94402,60.90326,20.67204,10.68617,92.26146,0.72037,11.50816,56.02377
A06,02B,0,512,0.412,True,0.94402,57.59209,24.83561,10.72644,93.15413,0.71187,12.45262,51.56358
A06,02B,512,512,0.461,True,0.94402,57.40788,23.27888,11.04211,91.72886,0.7578,12.68137,51.91467
A06,02B,1024,512,0.491,True,0.94402,57.65069,21.91403,11.45171,91.01643,0.7297,12.62861,52.70522
A06,02B,1027,512,0.491,True,0.94402,58.02624,21.77289,11.41884,91.21798,0.7277,12.50642,53.12575
A06,02B,0,864,0.372,True,0.94402,58.21724,25.95633,10.99922,95.17278,0.7026,12.47107,51.77264
A06,02B,512,864,0.425,True,0.94402,59.11448,24.99712,11.0602,95.1718,0.73981,12.45725,53.23861
A06,02B,1024,864,0.435,True,0.94402,59.4981,25.46843,10.9283,95.89484,0.72616,12.33096,53.93611
A06,02B,1027,864,0.435,True,0.94402,60.24981,25.29948,10.84977,96.39907,0.72299,12.10825,54.70586
A06,02C,0,0,0.511,True,0.7628,58.20029,29.19308,8.75303,96.1464,0.41828,10.51063,55.97462
A06,02C,512,0,0.578,True,0.7628,59.98297,27.51733,9.86592,97.36623,0.36894,10.39263,58.08888
A06,02C,1024,0,0.566,True,0.7628,59.15168,27.77045,9.98208,96.90421,0.33517,10.28912,57.94392
A06,02C,1027,0,0.567,True,0.7628,59.13224,27.73711,9.98733,96.85667,0.33408,10.28682,57.9608
A06,02C,0,512,0.334,True,0.7628,59.43908,30.13649,9.9548,99.53037,0.56326,12.19718,52.34569
A06,02C,512,512,0.484,True,0.7628,59.45355,26.31871,11.27935,97.0516,0.51866,12.17603,54.0278
A06,02C,1024,512,0.427,True,0.7628,60.90236,28.91163,11.17745,100.99145,0.55145,11.96756,54.53918
A06,02C,1027,512,0.427,True,0.7628,60.83564,28.85201,11.18633,100.87399,0.55152,11.97032,54.52293
A06,02C,0,864,0.33,True,0.7628,59.35458,29.5734,9.98268,98.91066,0.53803,12.23861,52.6474
A06,02C,512,864,0.442,True,0.7628,60.75477,26.84597,11.09073,98.69147,0.49216,12.02678,55.1354
A06,02C,1024,864,0.37,True,0.7628,61.5244,30.39915,10.94093,102.86448,0.54255,11.95984,54.4833
A06,02C,1027,864,0.369,True,0.7628,61.50125,30.33914,10.95033,102.79072,0.54254,11.96183,54.47292
A06,02D,0,0,0.592,True,0.70667,58.57123,24.66324,10.02093,93.2554,0.40339,9.87341,59.67213
A06,02D,512,0,0.601,True,0.70667,58.15348,23.79208,10.75691,92.70247,0.38985,10.1498,58.29403
A06,02D,1024,0,0.478,True,0.70667,60.47262,27.06256,9.94205,97.47723,0.29192,9.91487,60.2626
A06,02D,1027,0,0.477,True,0.70667,60.4857,27.06193,9.95198,97.49961,0.29143,9.90934,60.29831
A06,02D,0,512,0.373,True,0.70667,63.15407,27.8194,10.85117,101.82465,0.71293,11.60791,56.42388
A06,02D,512,512,0.427,True,0.70667,60.43912,27.79984,10.6798,98.91877,0.70725,12.11582,54.05722
A06,02D,1024,512,0.517,True,0.70667,58.72435,28.5188,11.11647,98.35962,0.6601,12.3443,52.72888
A06,02D,1027,512,0.518,True,0.70667,58.6134,28.49732,11.12708,98.2378,0.66001,12.34956,52.68785
A06,02D,0,864,0.32,True,0.70667,63.0401,29.85325,10.55593,103.44928,0.71147,11.73056,55.25916
A06,02D,512,864,0.352,True,0.70667,64.09226,28.96392,10.86411,103.92029,0.6788,11.76371,57.12054
A06,02D,1024,864,0.367,True,0.70667,66.13036,28.27896,11.54261,105.95194,0.63492,11.50825,59.76215
A06,02D,1027,864,0.367,True,0.70667,66.18034,28.29048,11.54654,106.01735,0.63478,11.50712,59.76546
A06,03A,1024,0,0.389,True,0.92829,59.58678,26.01007,10.69069,96.28754,0.63959,12.28897,53.40302
A06,03A,1027,0,0.39,True,0.92829,59.93159,25.91285,10.6558,96.50024,0.63766,12.20592,53.74252
A06,03A,0,512,0.435,True,0.92829,59.90292,24.56039,11.09174,95.55505,0.69206,12.3111,53.75569
A06,03A,512,512,0.415,True,0.92829,57.64632,24.11632,10.58669,92.34933,0.67494,12.62873,51.80981
A06,03A,1024,512,0.469,True,0.92829,59.06203,24.36884,11.44373,94.8746,0.62001,12.38867,53.47152
A06,03A,1027,512,0.469,True,0.92829,59.75847,24.14517,11.37377,95.27741,0.61727,12.17601,54.23261
A06,03A,0,864,0.501,True,0.92829,60.88773,22.68681,11.82089,95.39543,0.69916,12.15051,55.31946
A06,03A,512,864,0.488,True,0.92829,59.89881,23.94164,11.52405,95.36449,0.65083,12.35361,54.37648
A06,03A,1024,864,0.474,True,0.92829,59.80444,24.96876,11.56874,96.34194,0.61988,12.30618,54.16032
A06,03A,1027,864,0.475,True,0.92829,60.65235,24.68453,11.47211,96.80898,0.61629,12.05032,55.06577
A06,03B,0,0,0.423,True,0.90666,62.58802,25.47512,11.99957,100.0627,0.60757,11.85886,56.44225
A06,03B,512,0,0.346,True,0.90666,62.79875,30.29329,10.54525,103.63729,0.65442,11.82167,55.48529
A06,03B,0,512,0.467,True,0.90666,60.40023,24.89063,11.97895,97.26982,0.61379,12.11381,54.8721
A06,03B,512,512,0.466,True,0.90666,61.89585,25.66652,12.11487,99.67724,0.58986,12.01917,55.96673
A06,03B,1024,512,0.361,True,0.90666,58.15849,26.80183,10.4118,95.37212,0.62461,12.53056,51.76525
A06,03B,1027,512,0.361,True,0.90666,58.68598,26.59926,10.34451,95.62975,0.62272,12.37391,52.29838
A06,03B,0,864,0.434,True,0.90666,59.72998,26.10428,11.53778,97.37204,0.61049,12.24864,53.60129
A06,03B,512,864,0.484,True,0.90666,60.94337,24.67377,11.94524,97.56238,0.6449,12.16736,55.28122
A06,03B,1024,864,0.364,True,0.90666,59.30939,28.80579,10.16916,98.28433,0.56534,12.25144,53.00287
A06,03B,1027,864,0.365,True,0.90666,60.00231,28.54159,10.07313,98.61704,0.56257,12.02792,53.78438
A06,03C,0,0,0.43,True,0.93264,60.32631,25.66671,11.25125,97.24426,0.71712,12.37451,53.9289
A06,03C,512,0,0.503,True,0.93264,59.29381,22.198,12.08645,93.57826,0.63758,12.4081,53.87224
A06,03C,1024,0,0.479,True,0.93264,60.8554,24.55386,11.46797,96.87723,0.62112,12.02072,55.30224
A06,03C,1027,0,0.479,True,0.93264,61.63543,24.24106,11.37091,97.24741,0.61732,11.79083,56.16117
A06,03C,0,512,0.323,True,0.93264,60.0587,28.8607,10.35349,99.2729,0.71595,12.43977,52.52928
A06,03C,512,512,0.499,True,0.93264,59.05379,22.41254,12.263,93.72932,0.6514,12.47635,53.53752
A06,03C,1024,512,0.456,True,0.93264,60.57444,25.73431,11.36254,97.67129,0.63029,12.02342,54.54212
A06,03C,1027,512,0.455,True,0.93264,61.57735,25.52933,11.2709,98.37758,0.62659,11.76178,55.49296
A06,03C,512,864,0.482,True,0.93264,59.99343,24.24382,11.6089,95.84615,0.64077,12.37803,54.22361
A06,03C,1024,864,0.454,True,0.93264,61.91497,27.70358,11.14527,100.76381,0.58433,11.69121,55.62187
A06,03C,1027,864,0.452,True,0.93264,62.90702,27.52664,11.05367,101.48733,0.58087,11.42327,56.64442
A06,03D,0,0,0.474,True,0.91908,61.02331,24.67817,11.69973,97.40121,0.61614,11.88664,55.26723
A06,03D,512,0,0.438,True,0.91908,59.97791,27.69639,10.26408,97.93838,0.64687,11.91803,53.6094
A06,03D,1024,0,0.438,True,0.91908,61.33296,25.30184,10.7227,97.3575,0.59003,11.6934,55.56088
A06,03D,1027,0,0.438,True,0.91908,62.22242,25.05991,10.63555,97.91788,0.58648,11.45545,56.48137
A06,03D,0,512,0.411,True,0.91908,59.16421,26.39785,11.25603,96.81809,0.62831,12.32666,52.82314
A06,03D,512,512,0.416,True,0.91908,58.95647,27.74703,10.50858,97.21207,0.64517,12.35965,52.4129
A06,03D,1024,512,0.358,True,0.91908,59.30585,29.60956,9.74926,98.66466,0.57948,12.10239,52.73352
A06,03D,1027,512,0.358,True,0.91908,60.12718,29.3387,9.67253,99.1384,0.57588,11.82821,53.68267
A06,03D,0,864,0.423,True,0.91908,62.33853,28.19851,11.84289,102.37992,0.63201,12.01572,55.4493
A06,03D,512,864,0.454,True,0.91908,61.01705,26.19275,11.40839,98.6182,0.59453,12.13683,54.96649
A06,03D,1024,864,0.385,True,0.91908,59.3873,26.64584,10.20285,96.236,0.55064,12.04859,53.45054
A06,03D,1027,864,0.384,True,0.91908,60.27597,26.4185,10.11921,96.81369,0.54708,11.77245,54.41496
A08,00A,0,0,0.549,True,0.95373,15.93285,5.99779,10.22584,32.15648,0.77337,19.61709,20.48523
A08,00A,512,0,0.566,True,0.95373,17.75632,5.9698,10.87826,34.60437,0.68515,18.41974,23.01639
A08,00A,1024,0,0.576,True,0.95373,17.89823,5.42912,10.68975,34.01711,0.73567,19.23007,21.46202
A08,00A,1027,0,0.577,True,0.95373,18.73197,5.18143,10.61197,34.52537,0.73192,18.284,22.35214
A08,00A,0,512,0.541,True,0.95373,14.22553,6.39054,9.88696,30.50303,0.75995,19.70669,20.12753
A08,00A,512,512,0.555,True,0.95373,15.83044,5.89272,10.47717,32.20033,0.7378,18.84966,21.92895
A08,00A,1024,512,0.545,True,0.95373,15.59007,5.43033,9.73268,30.75308,0.76265,19.27287,21.43722
A08,00A,1027,512,0.545,True,0.95373,16.02754,5.25286,9.68901,30.9694,0.75993,18.78897,21.92978
A08,00A,0,864,0.552,True,0.95373,13.47134,6.22983,10.1004,29.80157,0.75723,19.7215,20.21149
A08,00A,512,864,0.552,True,0.95373,15.26059,5.51861,10.28967,31.06888,0.73728,18.83784,21.9032
A08,00A,1024,864,0.55,True,0.95373,14.71422,5.22424,9.95892,29.89738,0.76648,19.4631,20.90458
A08,00A,1027,864,0.551,True,0.95373,15.02069,5.18366,9.96481,30.16916,0.76394,19.22391,21.15928
A08,00B,0,0,0.586,True,0.98006,17.32288,5.24172,10.82651,33.39111,0.81912,20.26056,19.22368
A08,00B,512,0,0.581,True,0.98006,18.11462,5.12392,11.3192,34.55774,0.78295,19.47924,20.39789
A08,00B,1024,0,0.558,True,0.98006,18.74956,4.87282,10.71614,34.33852,0.83194,19.87352,20.00064
A08,00B,1027,0,0.558,True,0.98006,19.48432,4.70359,10.62696,34.81487,0.82891,18.93215,20.76083
A08,00B,0,512,0.574,True,0.98006,15.11228,5.47944,10.32143,30.91315,0.81763,20.17731,19.71211
A08,00B,512,512,0.583,True,0.98006,16.09915,5.83655,11.26665,33.20235,0.82697,20.23553,19.17646
A08,00B,1024,512,0.565,True,0.98006,17.10723,5.10499,10.72301,32.93523,0.87341,20.51642,19.0337
A08,00B,1027,512,0.565,True,0.98006,17.52248,5.06279,10.68934,33.27461,0.87181,20.0282,19.38936
A08,00B,0,864,0.564,True,0.98006,14.13977,5.43958,10.04474,29.62408,0.81779,20.41564,19.17213
A08,00B,512,864,0.573,True,0.98006,14.99083,5.67182,10.86623,31.52887,0.84014,20.48678,18.66194
A08,00B,1024,864,0.578,True,0.98006,16.48079,5.29214,10.94436,32.71729,0.87249,20.37703,18.88112
A08,00B,1027,864,0.579,True,0.98006,16.50476,5.27088,10.93459,32.71023,0.87162,20.2973,18.97167
A08,00C,0,0,0.554,True,0.95957,14.41151,5.14182,9.82993,29.38326,0.76209,18.08997,21.47166
A08,00C,512,0,0.545,True,0.95957,15.05636,5.00885,9.85181,29.91701,0.74344,18.0411,22.22837
A08,00C,1024,0,0.579,True,0.95957,14.66343,5.2156,10.35675,30.23578,0.7324,18.5782,21.83108
A08,00C,1027,0,0.58,True,0.95957,14.67645,5.21367,10.38183,30.27195,0.73071,18.56536,21.87288
A08,00C,0,512,0.496,True,0.95957,11.90828,4.69359,8.71359,25.31546,0.78224,20.41926,18.43536
A08,00C,512,512,0.578,True,0.95957,13.54728,5.062,10.61239,29.22167,0.73094,19.04008,21.49739
A08,00C,1024,512,0.591,True,0.95957,12.87418,4.94025,10.37523,28.18966,0.72968,19.32264,21.33988
A08,00C,1027,512,0.592,True,0.95957,12.90414,4.9636,10.37734,28.24508,0.7283,19.30077,21.39082
A08,00C,0,864,0.548,True,0.95957,11.96608,4.89498,9.85527,26.71632,0.78863,20.12466,19.17784
A08,00C,512,864,0.538,True,0.95957,12.87056,4.58601,9.83331,27.28988,0.73731,19.34261,20.61283
A08,00C,1024,864,0.6,True,0.95957,12.64201,4.78814,10.58655,28.0167,0.75659,19.61671,20.68796
A08,00C,1027,864,0.601,True,0.95957,12.64098,4.79959,10.60931,28.04989,0.75535,19.60099,20.72023
A08,00D,0,0,0.54,True,0.98143,13.41195,4.68271,9.22587,27.32053,0.79702,19.7833,19.42106
A08,00D,512,0,0.577,True,0.98143,14.4102,5.04403,10.80983,30.26407,0.83823,20.39427,18.56114
A08,00D,1024,0,0.584,True,0.98143,15.11365,5.17809,10.85161,31.14334,0.8593,20.67126,18.78374
A08,00D,1027,0,0.584,True,0.98143,15.17399,5.21957,10.83861,31.23217,0.85868,20.658,18.80851
A08,00D,0,512,0.586,True,0.98143,12.41605,4.84594,10.28693,27.54892,0.78968,20.39011,19.2113
A08,00D,512,512,0.496,True,0.98143,12.53287,4.77054,8.89419,26.19761,0.83622,21.31008,16.80158
A08,00D,1024,512,0.535,True,0.98143,14.02406,4.54283,9.79232,28.3592,0.87407,21.2478,17.49796
A08,00D,1027,512,0.535,True,0.98143,14.04674,4.53825,9.79624,28.38124,0.87311,21.22931,17.53292
A08,00D,0,864,0.564,True,0.98143,11.76833,4.65897,9.68785,26.11515,0.80627,20.45186,18.95203
A08,00D,512,864,0.498,True,0.98143,12.34878,4.44983,8.99904,25.79765,0.84281,21.20956,16.98114
A08,00D,1024,864,0.595,True,0.98143,14.04955,4.96678,10.77416,29.79048,0.85696,20.81145,18.43285
A08,00D,1027,864,0.595,True,0.98143,14.13608,4.99777,10.78542,29.91927,0.85662,20.80752,18.44311
A08,01A,0,0,0.584,True,0.96957,10.21914,4.39953,9.82579,24.44446,0.79703,20.75811,18.33113
A08,01A,512,0,0.571,True,0.96957,11.76273,4.19724,10.05979,26.01976,0.75285,19.94378,19.41912
A08,01A,1024,0,0.601,True,0.96957,11.96387,4.13548,10.20904,26.30839,0.74625,19.26335,20.48397
A08,01A,1027,0,0.601,True,0.96957,13.01412,3.98398,10.11988,27.11798,0.74161,18.09399,21.53483
A08,01A,0,512,0.572,True,0.96957,9.85905,4.34834,9.69709,23.90447,0.78583,20.72175,18.42541
A08,01A,512,512,0.561,True,0.96957,10.91732,4.07222,9.91349,24.90302,0.76688,20.02556,19.28388
A08,01A,1024,512,0.578,True,0.96957,11.39033,3.84479,9.66861,24.90373,0.76131,19.6875,20.32528
A08,01A,1027,512,0.578,True,0.96957,12.1589,3.67448,9.58075,25.41413,0.75734,18.68711,21.18868
A08,01A,0,864,0.569,True,0.96957,9.66455,4.16742,9.43474,23.26671,0.77148,20.63383,18.59688
A08,01A,512,864,0.541,True,0.96957,11.009,3.69937,9.11327,23.82164,0.75243,20.13578,19.00009
A08,01A,1024,864,0.561,True,0.96957,11.21176,3.66472,9.19855,24.07502,0.7444,19.84011,20.05306
A08,01A,1027,864,0.561,True,0.96957,11.84581,3.56581,9.14077,24.5524,0.74118,19.10913,20.6593
A08,01B,0,0,0.57,True,0.97897,10.93265,4.221,9.1578,24.31145,0.74557,20.29283,19.3594
A08,01B,512,0,0.603,True,0.97897,11.2911,4.60784,10.44531,26.34425,0.81073,20.92562,17.87707
A08,01B,1024,0,0.576,True,0.97897,12.63354,4.30907,9.80265,26.74527,0.86906,21.19828,16.89579
A08,01B,1027,0,0.576,True,0.97897,13.53,4.10386,9.6939,27.32776,0.86443,19.66093,17.86021
A08,01B,0,512,0.606,True,0.97897,10.61438,4.07552,9.97837,24.66826,0.73255,19.89589,20.25152
A08,01B,512,512,0.581,True,0.97897,10.66422,4.18152,9.82797,24.6737,0.82462,21.01937,17.67554
A08,01B,1024,512,0.581,True,0.97897,11.85133,4.33028,10.00472,26.18633,0.85311,21.4303,17.12407
A08,01B,1027,512,0.582,True,0.97897,12.56129,4.14798,9.90245,26.61172,0.84968,20.24345,17.86305
A08,01B,0,864,0.597,True,0.97897,10.59112,4.0542,9.65277,24.29809,0.7265,19.74769,20.51628
A08,01B,512,864,0.565,True,0.97897,10.87912,4.1887,9.55485,24.62268,0.80624,20.23323,18.24032
A08,01B,1024,864,0.552,True,0.97897,12.28966,4.01813,9.32804,25.63583,0.84834,20.36794,17.46426
A08,01B,1027,864,0.552,True,0.97897,12.7939,3.92224,9.27586,25.992,0.84602,19.75977,17.92194
A08,01C,0,0,0.583,True,0.9739,11.08282,3.86789,9.94327,24.89397,0.79057,18.84379,19.60253
A08,01C,512,0,0.514,True,0.9739,11.79899,3.35445,8.64745,23.80089,0.76582,18.71393,19.72076
A08,01C,1024,0,0.572,True,0.9739,11.61023,3.42661,9.32281,24.35966,0.75492,19.12343,20.46724
A08,01C,1027,0,0.572,True,0.9739,11.82549,3.37915,9.30038,24.50502,0.75243,18.90048,20.72728
A08,01C,0,512,0.604,True,0.9739,9.6307,4.02084,10.69102,24.34256,0.82364,21.08768,17.60117
A08,01C,512,512,0.579,True,0.9739,10.64295,3.74795,10.39352,24.78442,0.77045,20.19597,18.87708
A08,01C,1024,512,0.585,True,0.9739,10.84049,3.57249,10.15069,24.56367,0.79604,20.10792,19.26518
A08,01C,1027,512,0.585,True,0.9739,10.8546,3.54843,10.15568,24.55871,0.79418,20.06301,19.34415
A08,01C,0,864,0.61,True,0.9739,9.64076,3.85474,10.73305,24.22855,0.83423,20.98527,17.74787
A08,01C,512,864,0.587,True,0.9739,10.8937,3.76399,10.63067,25.28836,0.75929,19.92655,19.43014
A08,01C,1024,864,0.591,True,0.9739,10.85444,3.59805,10.1651,24.6176,0.78255,19.92639,19.64902
A08,01C,1027,864,0.591,True,0.9739,10.91379,3.59276,10.19773,24.70427,0.78064,19.87781,19.73307
A08,01D,0,0,0.621,True,0.98078,10.27316,4.20137,10.27042,24.74495,0.74825,19.51757,20.52049
A08,01D,512,0,0.581,True,0.98078,10.1197,4.3686,9.70868,24.19698,0.82143,20.95418,17.69395
A08,01D,1024,0,0.526,True,0.98078,11.00096,4.0944,9.2058,24.30115,0.8742,22.18536,15.74181
A08,01D,1027,0,0.526,True,0.98078,11.13008,4.07906,9.20468,24.41382,0.8735,22.03869,15.84128
A08,01D,0,512,0.62,True,0.98078,9.91168,4.2543,10.38592,24.5519,0.7751,20.05846,19.79252
A08,01D,512,512,0.612,True,0.98078,10.17214,4.49033,10.7042,25.36667,0.82733,20.94937,17.82861
A08,01D,1024,512,0.574,True,0.98078,11.31658,4.17207,10.07424,25.5629,0.8702,21.81948,16.40257
A08,01D,1027,512,0.573,True,0.98078,11.25875,4.16024,10.05033,25.46932,0.87022,21.8223,16.39763
A08,01D,0,864,0.594,True,0.98078,10.17244,3.85586,9.94232,23.97062,0.78019,20.20559,19.37158
A08,01D,512,864,0.63,True,0.98078,10.39686,4.51035,11.41684,26.32405,0.83094,20.95786,17.80797
A08,01D,1024,864,0.587,True,0.98078,11.13682,4.10478,10.41288,25.65449,0.87049,21.6979,16.54432
A08,01D,1027,864,0.587,True,0.98078,11.12133,4.14367,10.39554,25.66054,0.87056,21.70401,16.53525
A08,02A,0,0,0.578,True,0.98345,10.73302,3.81371,11.05716,25.60388,0.84996,20.68738,17.96581
A08,02A,512,0,0.575,True,0.98345,10.49672,3.69091,10.46734,24.65496,0.86113,21.32984,17.38453
A08,02A,1024,0,0.53,True,0.98345,9.44449,3.64847,9.33656,22.42953,0.83954,21.36611,17.14602
A08,02A,1027,0,0.53,True,0.98345,10.41064,3.50382,9.2962,23.21065,0.83534,19.87681,18.05691
A08,02A,0,512,0.574,True,0.98345,10.96294,3.69089,10.89521,25.54904,0.83943,20.08618,18.63643
A08,02A,512,512,0.567,True,0.98345,10.17041,3.91312,10.19286,24.27639,0.83244,20.8686,18.28126
A08,02A,1024,512,0.527,True,0.98345,9.22511,3.70784,9.3415,22.27445,0.8434,21.61231,16.84123
A08,02A,1027,512,0.527,True,0.98345,9.84606,3.62081,9.28814,22.75502,0.84138,20.6686,17.38364
A08,02A,0,864,0.596,True,0.98345,11.22436,3.66408,11.27523,26.16367,0.83007,19.71096,18.90333
A08,02A,512,864,0.555,True,0.98345,10.31318,3.46594,9.84251,23.62163,0.83057,21.04816,17.99823
A08,02A,1024,864,0.452,True,0.98345,9.3385,3.26716,7.92699,20.53264,0.84374,21.70416,16.42643
A08,02A,1027,864,0.452,True,0.98345,9.62293,3.22695,7.90912,20.75899,0.84298,21.24296,16.6808
A08,02B,0,0,0.515,True,0.97362,9.71127,3.6255,9.24533,22.58211,0.79461,20.33994,18.37804
A08,02B,512,0,0.552,True,0.97362,10.32475,3.84057,9.96759,24.13291,0.76244,19.76641,19.79953
A08,02B,1024,0,0.583,True,0.97362,9.94451,3.6839,10.65831,24.28672,0.79547,20.34239,19.01349
A08,02B,1027,0,0.583,True,0.97362,10.18814,3.68581,10.64472,24.51867,0.79355,20.13571,19.20097
A08,02B,0,512,0.399,True,0.97362,8.9992,3.1331,6.74181,18.87411,0.81042,21.04072,16.64078
A08,02B,512,512,0.52,True,0.97362,10.35623,3.56925,9.58256,23.50804,0.79738,20.45268,18.3015
A08,02B,1024,512,0.513,True,0.97362,10.00152,3.20502,9.13273,22.33926,0.82923,21.19679,17.41514
A08,02B,1027,512,0.513,True,0.97362,9.91572,3.19659,9.11077,22.22308,0.82834,21.18854,17.42877
A08,02B,0,864,0.447,True,0.97362,9.1783,3.21178,7.83592,20.22601,0.80487,20.59023,17.28176
A08,02B,512,864,0.559,True,0.97362,10.22895,3.70207,10.24607,24.17709,0.7797,20.16241,18.96644
A08,02B,1024,864,0.592,True,0.97362,9.94792,3.3869,10.73902,24.07384,0.79529,20.57377,18.60085
A08,02B,1027,864,0.592,True,0.97362,9.98321,3.3846,10.75181,24.11961,0.79398,20.55233,18.63642
A08,02C,0,0,0.625,True,0.98345,13.09767,3.38053,11.79499,28.27318,0.83116,17.72488,20.47962
A08,02C,512,0,0.585,True,0.98345,11.85083,3.42539,10.60924,25.88545,0.84024,18.93619,18.94923
A08,02C,1024,0,0.565,True,0.98345,10.41353,3.50926,10.04796,23.97075,0.82111,19.5806,18.34893
A08,02C,1027,0,0.565,True,0.98345,10.39245,3.4877,10.03721,23.91736,0.82124,19.5947,18.33432
A08,02C,0,512,0.617,True,0.98345,11.52069,3.4758,11.63571,26.63219,0.83606,18.91442,19.54677
A08,02C,512,512,0.627,True,0.98345,10.16807,3.72098,11.68456,25.57362,0.84327,21.12927,17.8945
A08,02C,1024,512,0.589,True,0.98345,9.14004,3.79259,10.77592,23.70855,0.83887,21.58188,16.98484
A08,02C,1027,512,0.589,True,0.98345,9.07333,3.78501,10.7472,23.60555,0.83873,21.58504,16.975
A08,02C,0,864,0.613,True,0.98345,11.7559,3.40692,11.53849,26.7013,0.83452,18.52384,19.47225
A08,02C,512,864,0.634,True,0.98345,9.82373,3.78326,12.12191,25.7289,0.856,21.50536,17.19269
A08,02C,1024,864,0.603,True,0.98345,9.08855,3.76259,11.28395,24.13509,0.84542,21.93557,16.38841
A08,02C,1027,864,0.602,True,0.98345,9.09588,3.77973,11.27841,24.15402,0.84529,21.93671,16.384
A08,02D,0,0,0.595,True,0.97171,10.65857,3.56226,10.94738,25.16821,0.74547,18.34677,20.69879
A08,02D,512,0,0.599,True,0.97171,10.55864,3.6941,11.20293,25.45567,0.75176,19.27779,20.25588
A08,02D,1024,0,0.621,True,0.97171,9.74601,3.53328,11.55635,24.83565,0.82971,20.87039,18.01978
A08,02D,1027,0,0.621,True,0.97171,9.73294,3.53637,11.57878,24.84809,0.82812,20.85105,18.05662
A08,02D,0,512,0.607,True,0.97171,10.26233,3.71688,11.51151,25.49073,0.74854,18.7781,20.2355
A08,02D,512,512,0.6,True,0.97171,10.28181,3.52592,11.46439,25.27212,0.77578,19.90346,19.63302
A08,02D,1024,512,0.622,True,0.97171,9.52549,3.55598,11.78677,24.86824,0.83324,20.6911,18.33275
A08,02D,1027,512,0.622,True,0.97171,9.54594,3.55844,11.79203,24.8964,0.83182,20.66761,18.3753
A08,02D,0,864,0.576,True,0.97171,10.42176,3.36909,10.76535,24.5562,0.76838,18.71049,19.80142
A08,02D,512,864,0.617,True,0.97171,10.14822,3.70259,12.06145,25.91227,0.76954,19.65982,20.14452
A08,02D,1024,864,0.594,True,0.97171,9.61882,3.31264,10.94111,23.87257,0.8509,20.96865,17.77946
A08,02D,1027,864,0.594,True,0.97171,9.49816,3.3097,10.9329,23.74076,0.84936,20.9413,17.82489
A08,03A,0,0,0.501,True,0.98485,12.26669,3.90633,8.58549,24.75851,0.87096,21.25408,17.04525
A08,03A,512,0,0.387,True,0.98485,11.98753,3.3018,6.15414,21.44347,0.85764,22.14409,16.48542
A08,03A,1024,0,0.456,True,0.98485,10.4595,3.91211,6.86973,21.24134,0.81764,21.30985,17.54687
A08,03A,1027,0,0.456,True,0.98485,11.28655,3.81949,6.8279,21.93394,0.81442,20.00377,18.32411
A08,03A,0,512,0.545,True,0.98485,12.19841,3.96174,9.80842,25.96856,0.85853,20.27979,18.16409
A08,03A,512,512,0.482,True,0.98485,11.78621,3.5542,8.22645,23.56685,0.82366,21.06494,18.23498
A08,03A,1024,512,0.475,True,0.98485,10.50323,3.76165,7.71908,21.98396,0.80687,21.30621,17.53766
A08,03A,1027,512,0.474,True,0.98485,10.84367,3.74574,7.7105,22.29991,0.80535,20.82587,17.81392
A08,03A,0,864,0.561,True,0.98485,12.42953,3.94971,10.14904,26.52828,0.8544,19.81898,18.3746
A08,03A,512,864,0.487,True,0.98485,11.65271,3.53118,8.52468,23.70857,0.84842,21.46837,17.49916
A08,03A,1024,864,0.513,True,0.98485,10.4889,4.08731,8.6736,23.24981,0.78903,21.08544,17.94776
A08,03A,1027,864,0.512,True,0.98485,10.44979,4.06573,8.6459,23.16142,0.78885,21.06558,17.96133
A08,03B,0,0,0.333,True,0.97218,10.67224,3.08386,5.02257,18.77867,0.78211,20.92432,16.82632
A08,03B,512,0,0.472,True,0.97218,11.65976,3.67175,8.02162,23.35313,0.81595,20.6605,18.04433
A08,03B,1024,0,0.42,True,0.97218,10.99076,3.4857,6.64416,21.12062,0.79652,21.20718,17.42417
A08,03B,1027,0,0.418,True,0.97218,11.06227,3.48884,6.61668,21.1678,0.79519,21.17946,17.4545
A08,03B,0,512,0.456,True,0.97218,11.30505,3.61052,7.63809,22.55367,0.77841,19.68798,18.89108
A08,03B,512,512,0.484,True,0.97218,11.67562,3.67307,8.321,23.6697,0.78804,20.02818,19.2838
A08,03B,1024,512,0.49,True,0.97218,11.45324,3.54341,8.35061,23.34727,0.80727,20.62597,18.47901
A08,03B,1027,512,0.49,True,0.97218,11.36238,3.51386,8.33783,23.21407,0.80583,20.6012,18.51673
A08,03B,0,864,0.463,True,0.97218,11.25509,3.50965,7.91679,22.68154,0.78912,19.42358,18.76932
A08,03B,512,864,0.487,True,0.97218,12.02967,3.44613,8.50296,23.97875,0.79934,19.79432,19.20771
A08,03B,1024,864,0.542,True,0.97218,11.94853,3.48795,9.32907,24.76556,0.79656,19.37718,19.63594
A08,03B,1027,864,0.543,True,0.97218,12.00546,3.51102,9.34425,24.86073,0.79484,19.35394,19.68366
A08,03C,0,0,0.511,True,0.9873,13.86583,3.18886,8.69391,25.7486,0.86162,18.19084,19.26782
A08,03C,512,0,0.518,True,0.9873,12.2205,3.12659,8.82849,24.17558,0.84895,20.05366,18.41273
A08,03C,1024,0,0.544,True,0.9873,11.03854,3.84987,9.20057,24.08899,0.82018,20.11079,18.65917
A08,03C,1027,0,0.543,True,0.9873,11.04988,3.83588,9.19224,24.078,0.82044,20.11624,18.64408
A08,03C,0,512,0.565,True,0.9873,12.6028,3.79571,10.30335,26.70186,0.86804,18.65644,18.80905
A08,03C,512,512,0.496,True,0.9873,11.07591,3.27815,8.52134,22.87541,0.87134,21.68814,17.0722
A08,03C,1024,512,0.588,True,0.9873,9.99322,4.08627,10.36245,24.44194,0.83775,21.10317,17.93338
A08,03C,1027,512,0.589,True,0.9873,10.00493,4.07498,10.35372,24.43363,0.83766,21.10224,17.93397
A08,03C,0,864,0.579,True,0.9873,12.87932,3.61546,10.53272,27.0275,0.86662,18.53659,19.07055
A08,03C,512,864,0.518,True,0.9873,10.69543,3.32956,8.87681,22.9018,0.87125,21.82476,16.86605
A08,03C,1024,864,0.635,True,0.9873,9.56258,4.28959,11.04166,24.89383,0.83761,20.89556,18.32889
A08,03C,1027,864,0.634,True,0.9873,9.6005,4.29249,11.03934,24.93234,0.83776,20.90104,18.31716
A08,03D,0,0,0.486,True,0.97077,11.84183,3.36292,8.47829,23.68304,0.765,18.36983,20.15043
A08,03D,512,0,0.566,True,0.97077,11.39161,3.86028,10.21089,25.46279,0.78414,19.82063,19.91766
A08,03D,1024,0,0.545,True,0.97077,11.15679,3.43582,9.35661,23.94922,0.8021,20.10707,19.39566
A08,03D,1027,0,0.544,True,0.97077,11.21388,3.45875,9.34786,24.02049,0.80124,20.0832,19.43073
A08,03D,0,512,0.573,True,0.97077,12.08659,3.54433,10.45708,26.08799,0.75705,17.9135,21.63854
A08,03D,512,512,0.571,True,0.97077,11.57716,3.62838,10.47472,25.68026,0.7824,19.6489,20.19331
A08,03D,1024,512,0.466,True,0.97077,11.38705,2.91999,8.20877,22.51581,0.83042,20.70641,18.33725
A08,03D,1027,512,0.465,True,0.97077,11.33038,2.92702,8.19075,22.44815,0.82885,20.67336,18.38066
A08,03D,0,864,0.602,True,0.97077,12.26775,3.80387,10.77521,26.84683,0.77418,17.71625,21.65753
A08,03D,512,864,0.58,True,0.97077,11.16416,3.77495,10.52361,25.46272,0.78427,19.56336,20.3483
A08,03D,1024,864,0.481,True,0.97077,10.91696,3.14809,8.60849,22.67354,0.83872,20.94443,17.87351
A08,03D,1027,864,0.481,True,0.97077,10.92582,3.15774,8.58622,22.66977,0.83738,20.9237,17.90462
A08,04A,0,0,0.547,True,0.97818,9.54796,3.87678,9.65576,23.0805,0.75371,20.52636,18.78786
A08,04A,512,0,0.58,True,0.97818,8.99067,4.196,10.70475,23.89142,0.79163,20.79729,18.05611
A08,04A,1024,0,0.645,True,0.97818,10.11356,4.26905,12.7358,27.11841,0.87831,21.85505,16.55567
A08,04A,1027,0,0.646,True,0.97818,10.05718,4.22551,12.76328,27.04597,0.87813,21.82929,16.58974
A08,04A,0,512,0.57,True,0.97818,9.21149,4.35992,10.24882,23.82023,0.75509,20.41804,19.05586
A08,04A,512,512,0.583,True,0.97818,9.07841,4.34314,10.82492,24.24647,0.7955,20.71197,18.19976
A08,04A,1024,512,0.631,True,0.97818,10.45395,4.10192,12.32828,26.88415,0.89247,22.0912,16.25799
A08,04A,1027,512,0.632,True,0.97818,10.38713,4.12958,12.31391,26.83062,0.89223,22.08448,16.26874
A08,04A,0,864,0.551,True,0.97818,8.93184,4.5369,9.59856,23.06731,0.7597,20.51388,18.76352
A08,04A,512,864,0.504,True,0.97818,9.27197,3.93034,8.95788,22.16018,0.81245,21.34353,16.84866
A08,04A,1024,864,0.596,True,0.97818,10.47503,4.05811,11.32063,25.85377,0.89008,22.13346,16.06656
A08,04A,1027,864,0.596,True,0.97818,10.42431,4.06372,11.29309,25.78112,0.88988,22.12801,16.07576
A08,04B,0,0,0.676,True,0.96786,9.84785,3.85022,13.27387,26.97194,0.78133,20.56383,19.00446
A08,04B,512,0,0.667,True,0.96786,9.09925,4.15524,12.88177,26.13626,0.73656,19.88476,20.17933
A08,04B,1024,0,0.565,True,0.96786,10.14968,3.70871,10.94837,24.80676,0.75139,19.82677,19.46309
A08,04B,1027,0,0.565,True,0.96786,10.83177,3.54596,10.85224,25.22997,0.74833,19.05597,20.12701
A08,04B,0,512,0.584,True,0.96786,9.71111,3.90307,10.31677,23.93095,0.80324,20.51409,18.86986
A08,04B,512,512,0.617,True,0.96786,9.42054,3.91598,11.34239,24.67891,0.73395,19.5611,20.69176
A08,04B,1024,512,0.535,True,0.96786,10.09469,3.5953,9.89016,23.58015,0.75557,19.93258,19.16135
A08,04B,1027,512,0.535,True,0.96786,10.54719,3.52915,9.84781,23.92415,0.75333,19.44852,19.55025
A08,04B,0,864,0.56,True,0.96786,10.16215,3.84038,9.7533,23.75583,0.80402,20.44537,18.6702
A08,04B,512,864,0.58,True,0.96786,9.93186,3.78991,10.45476,24.17653,0.743,19.06543,20.85375
A08,04B,1024,864,0.566,True,0.96786,11.22458,3.53848,10.50466,25.26772,0.74033,18.68422,20.86279
A08,04B,1027,864,0.566,True,0.96786,11.27987,3.53876,10.50407,25.3227,0.73838,18.61565,20.98455
A08,04C,0,0,0.532,True,0.97621,9.99655,4.35806,8.67239,23.027,0.69694,19.58394,19.33335
A08,04C,512,0,0.565,True,0.97621,9.5762,4.53397,10.21649,24.32666,0.79121,20.29199,18.32629
A08,04C,1024,0,0.49,True,0.97621,10.22274,3.68761,8.36707,22.27742,0.88008,22.40467,15.34664
A08,04C,1027,0,0.49,True,0.97621,10.13634,3.65714,8.34769,22.14117,0.87967,22.40138,15.35579
A08,04C,0,512,0.551,True,0.97621,9.79622,4.24739,9.29509,23.33871,0.69589,20.14489,19.34339
A08,04C,512,512,0.575,True,0.97621,9.40806,4.43394,10.32246,24.16446,0.80283,20.75138,18.25886
A08,04C,1024,512,0.569,True,0.97621,10.62737,4.30348,10.24384,25.17469,0.86621,21.73821,16.65316
A08,04C,1027,512,0.568,True,0.97621,10.4653,4.24527,10.19174,24.90231,0.86596,21.73924,16.65152
A08,04C,0,864,0.487,True,0.97621,10.71975,3.5644,8.25999,22.54415,0.7399,19.94022,18.96427
A08,04C,512,864,0.571,True,0.97621,9.87195,4.32679,10.34671,24.54545,0.8025,20.6319,18.43126
A08,04C,1024,864,0.586,True,0.97621,10.42849,4.34361,10.59687,25.36897,0.88323,21.91667,16.31247
A08,04C,1027,864,0.586,True,0.97621,10.3925,4.33843,10.58116,25.31208,0.88301,21.91208,16.32142
A08,04D,0,0,0.537,True,0.96815,10.62441,3.78542,9.19676,23.60659,0.78366,20.44047,18.62436
A08,04D,512,0,0.509,True,0.96815,9.74126,3.53238,8.52322,21.79686,0.73804,20.03447,19.5118
A08,04D,1024,0,0.592,True,0.96815,10.72725,4.0859,10.82226,25.63542,0.73849,19.58495,20.16377
A08,04D,1027,0,0.593,True,0.96815,10.64872,4.0697,10.82379,25.54221,0.73738,19.56924,20.19916
A08,04D,0,512,0.398,True,0.96815,11.40739,3.03136,6.06389,20.50264,0.7671,20.10957,18.43467
A08,04D,512,512,0.505,True,0.96815,9.69294,3.52819,7.8993,21.12042,0.71988,19.85145,20.07063
A08,04D,1024,512,0.456,True,0.96815,10.24039,3.33616,7.96306,21.53961,0.79062,20.59941,17.8397
A08,04D,1027,512,0.454,True,0.96815,10.22877,3.32768,7.93513,21.49158,0.79059,20.59902,17.83521
A08,04D,0,864,0.478,True,0.96815,11.43338,3.4135,7.68073,22.5276,0.77278,19.46126,19.2088
A08,04D,512,864,0.493,True,0.96815,9.76802,3.4073,7.55984,20.73516,0.71114,20.05053,19.61329
A08,04D,1024,864,0.49,True,0.96815,10.27375,3.50244,8.39994,22.17612,0.75819,20.27875,18.37902
A08,04D,1027,864,0.49,True,0.96815,10.32619,3.49911,8.41526,22.24056,0.75744,20.27478,18.38556
A08,05A,0,0,0.507,True,0.96374,8.75506,5.21089,7.66665,21.6326,0.80001,21.41079,16.44789
A08,05A,512,0,0.52,True,0.96374,9.5269,5.54482,7.50379,22.57552,0.6897,20.76989,18.40119
A08,05A,1024,0,0.521,True,0.96374,9.82118,5.26919,7.20832,22.29868,0.64176,20.06261,19.57879
A08,05A,1027,0,0.521,True,0.96374,10.46233,5.04748,7.13249,22.64231,0.63834,18.81428,20.55321
A08,05A,0,512,0.612,True,0.96374,9.49464,5.0256,10.22367,24.74391,0.79129,20.89728,17.7062
A08,05A,512,512,0.577,True,0.96374,9.73016,4.94752,8.9214,23.59908,0.70075,20.2108,19.66904
A08,05A,1024,512,0.566,True,0.96374,8.88245,4.83942,8.25129,21.97316,0.70705,20.05164,20.16902
A08,05A,1027,512,0.567,True,0.96374,9.70833,4.65233,8.17823,22.53889,0.7043,19.0356,20.98155
A08,05A,0,864,0.651,True,0.96374,9.85674,4.69274,11.41659,25.96607,0.7762,20.44595,18.84114
A08,05A,512,864,0.621,True,0.96374,9.77074,4.70918,10.14717,24.62709,0.7223,19.96297,20.35126
A08,05A,1024,864,0.587,True,0.96374,8.92965,4.36605,8.85533,22.15104,0.72842,20.02765,20.22639
A08,05A,1027,864,0.587,True,0.96374,9.61581,4.22609,8.78958,22.63148,0.72579,19.30954,20.80782
A08,05B,0,0,0.571,True,0.967,9.32779,5.13353,8.9968,23.45812,0.75676,20.98552,17.8518
A08,05B,512,0,0.561,True,0.967,10.34905,4.71774,9.0321,24.0989,0.78951,20.77916,18.01708
A08,05B,1024,0,0.555,True,0.967,10.1018,4.87136,8.25586,23.22902,0.69682,20.14302,19.71566
A08,05B,1027,0,0.555,True,0.967,10.96255,4.69874,8.19962,23.86091,0.69359,19.04239,20.56488
A08,05B,0,512,0.582,True,0.967,9.001,4.96769,8.95567,22.92436,0.75011,20.34613,19.24512
A08,05B,512,512,0.565,True,0.967,9.99103,4.71772,9.69908,24.40783,0.74593,20.37095,18.81126
A08,05B,1024,512,0.539,True,0.967,9.96793,5.01793,7.77894,22.76479,0.67385,20.04738,20.05802
A08,05B,1027,512,0.538,True,0.967,10.37035,4.89643,7.71791,22.98468,0.67212,19.45198,20.51863
A08,05B,0,864,0.509,True,0.967,9.46941,4.29349,7.91109,21.674,0.79152,20.73234,17.86727
A08,05B,512,864,0.586,True,0.967,10.76241,4.89813,9.52392,25.18446,0.77269,20.02969,18.52529
A08,05B,1024,864,0.541,True,0.967,11.58618,4.41507,8.09736,24.0986,0.70865,19.25211,20.03251
A08,05B,1027,864,0.54,True,0.967,11.69768,4.34412,8.0606,24.1024,0.70742,19.03139,20.24561
A08,05C,0,0,0.627,True,0.96494,11.18609,4.18964,10.47992,25.85565,0.76275,19.01617,19.88142
A08,05C,512,0,0.633,True,0.96494,10.57482,4.44766,10.40926,25.43173,0.74095,19.55944,20.08917
A08,05C,1024,0,0.583,True,0.96494,9.72283,3.94582,8.77457,22.44323,0.71868,19.82116,20.17899
A08,05C,1027,0,0.582,True,0.96494,9.86223,3.90355,8.73548,22.50126,0.7179,19.62074,20.36938
A08,05C,0,512,0.611,True,0.96494,10.66948,5.32022,9.99907,25.98879,0.77315,19.53711,19.09914
A08,05C,512,512,0.579,True,0.96494,10.2532,4.69685,9.14248,24.09252,0.73433,20.1601,19.74041
A08,05C,1024,512,0.551,True,0.96494,9.29753,4.13351,8.18984,21.62089,0.73382,20.42641,19.41318
A08,05C,1027,512,0.552,True,0.96494,9.34063,4.15007,8.19818,21.68888,0.73396,20.4226,19.41932
A08,05C,0,864,0.529,True,0.96494,10.72482,5.62281,7.66925,24.01687,0.79184,19.84456,17.21112
A08,05C,512,864,0.488,True,0.96494,9.89448,5.17052,6.82699,21.892,0.72317,21.13744,17.76394
A08,05C,1024,864,0.563,True,0.96494,9.51041,5.14076,8.11841,22.76958,0.70995,20.63365,18.95318
A08,05C,1027,864,0.563,True,0.96494,9.49591,5.15982,8.12259,22.77831,0.71,20.62996,18.95821
A08,05D,0,0,0.583,True,0.96367,9.50796,4.37158,9.19546,23.07501,0.78298,20.75122,18.32817
A08,05D,512,0,0.563,True,0.96367,10.4972,4.4715,8.80849,23.77719,0.76932,20.41785,18.67543
A08,05D,1024,0,0.527,True,0.96367,10.33657,4.70541,7.61185,22.65382,0.7355,20.60446,18.69206
A08,05D,1027,0,0.527,True,0.96367,10.37215,4.70786,7.61235,22.69236,0.73517,20.58038,18.73095
A08,05D,0,512,0.57,True,0.96367,9.69571,4.43306,9.04758,23.17635,0.78503,20.68954,18.32541
A08,05D,512,512,0.578,True,0.96367,10.58752,5.1006,9.0576,24.74573,0.75467,20.41474,18.67064
A08,05D,1024,512,0.534,True,0.96367,9.83467,5.45216,7.44649,22.73332,0.69638,20.04969,19.96856
A08,05D,1027,512,0.534,True,0.96367,9.91101,5.48121,7.44973,22.84195,0.69582,20.03851,19.99101
A08,05D,0,864,0.531,True,0.96367,9.72556,4.46994,7.89921,22.09472,0.78006,20.54527,18.0059
A08,05D,512,864,0.547,True,0.96367,10.46055,5.1376,8.21861,23.81676,0.78236,20.94152,17.62834
A08,05D,1024,864,0.542,True,0.96367,9.75127,6.17457,7.40953,23.33537,0.6864,20.33573,19.41617
A08,05D,1027,864,0.542,True,0.96367,9.83902,6.19347,7.40935,23.44183,0.68533,20.3278,19.43028
A08,06A,0,0,0.729,True,0.98496,10.69663,3.82999,13.85703,28.38365,0.87555,21.90612,16.66982
A08,06A,512,0,0.708,True,0.98496,10.28471,3.68379,12.89071,26.8592,0.83509,21.63824,17.21971
A08,06A,1024,0,0.665,True,0.98496,10.34095,3.63283,11.4987,25.47249,0.79925,20.29956,18.53605
A08,06A,1027,0,0.665,True,0.98496,11.24053,3.44783,11.39584,26.08421,0.79536,19.1674,19.41312
A08,06A,0,512,0.706,True,0.98496,11.19467,3.82124,13.2099,28.2258,0.88943,21.90613,16.67059
A08,06A,512,512,0.669,True,0.98496,10.93181,3.6997,12.04024,26.67174,0.85674,21.71075,17.08903
A08,06A,1024,512,0.655,True,0.98496,10.35535,4.0763,11.42028,25.85192,0.82409,21.13204,17.7062
A08,06A,1027,512,0.656,True,0.98496,11.24277,3.86209,11.31641,26.42127,0.82016,19.84055,18.56673
A08,06A,0,864,0.689,True,0.98496,11.45602,3.79292,12.69152,27.94046,0.8775,21.60212,16.91696
A08,06A,512,864,0.655,True,0.98496,11.10749,3.76863,11.57654,26.45266,0.84704,21.6205,17.24248
A08,06A,1024,864,0.634,True,0.98496,10.28926,4.10237,10.80585,25.19748,0.80793,21.2289,17.65574
A08,06A,1027,864,0.633,True,0.98496,11.1899,3.96452,10.71685,25.87127,0.80466,19.96936,18.45639
A08,06B,0,0,0.623,True,0.96167,10.27304,3.83906,10.91999,25.03209,0.71591,19.42225,20.36583
A08,06B,512,0,0.636,True,0.96167,10.89908,3.84406,11.18828,25.93142,0.77114,20.33569,19.08309
A08,06B,1024,0,0.64,True,0.96167,10.34883,3.81597,10.82054,24.98533,0.77926,20.50904,19.01303
A08,06B,1027,0,0.64,True,0.96167,10.58611,3.78787,10.78895,25.16294,0.77725,20.2734,19.20887
A08,06B,0,512,0.647,True,0.96167,10.83922,4.17186,11.64899,26.66006,0.71389,19.30006,20.64184
A08,06B,512,512,0.636,True,0.96167,11.27568,3.91469,11.04135,26.23172,0.77448,20.02695,19.72977
A08,06B,1024,512,0.578,True,0.96167,10.8331,3.98163,9.6359,24.45063,0.79747,21.30042,17.50134
A08,06B,1027,512,0.577,True,0.96167,10.8619,3.99059,9.61348,24.46598,0.79632,21.28492,17.51979
A08,06B,0,864,0.635,True,0.96167,11.29703,4.10003,11.28716,26.68422,0.72262,18.92039,20.96246
A08,06B,512,864,0.604,True,0.96167,11.9723,3.83091,10.39757,26.20078,0.78776,19.92749,19.44588
A08,06B,1024,864,0.58,True,0.96167,11.70706,3.85127,9.53007,25.0884,0.78771,19.78063,18.93985
A08,06B,1027,864,0.581,True,0.96167,11.71861,3.83938,9.53546,25.09346,0.7867,19.76522,18.97433
A08,06C,0,0,0.684,True,0.98087,13.34678,3.76734,12.4782,29.59232,0.84448,19.4932,18.93429
A08,06C,512,0,0.639,True,0.98087,12.02974,3.97316,10.99411,26.99701,0.80485,20.40125,18.63447
A08,06C,1024,0,0.643,True,0.98087,11.18776,4.26748,10.95229,26.40753,0.776,20.62131,18.81116
A08,06C,1027,0,0.643,True,0.98087,11.56672,4.19573,10.92007,26.68252,0.77451,20.0904,19.19136
A08,06C,0,512,0.652,True,0.98087,13.38606,4.23169,11.81234,29.43009,0.84262,20.03855,18.42899
A08,06C,512,512,0.607,True,0.98087,12.28137,4.01487,10.17727,26.47351,0.82108,21.2361,17.93041
A08,06C,1024,512,0.621,True,0.98087,11.67258,4.57948,10.52639,26.77844,0.77472,20.66116,18.81048
A08,06C,1027,512,0.62,True,0.98087,11.81802,4.59811,10.53938,26.95551,0.77421,20.59666,18.87517
A08,06C,0,864,0.635,True,0.98087,14.05717,4.35256,11.17588,29.58561,0.85584,19.67047,18.50042
A08,06C,512,864,0.615,True,0.98087,12.89065,4.28662,10.39819,27.57545,0.82946,21.23611,18.00245
A08,06C,1024,864,0.611,True,0.98087,12.43545,4.71148,10.24293,27.38986,0.80463,20.85526,18.46919
A08,06C,1027,864,0.61,True,0.98087,12.39532,4.70321,10.26258,27.36111,0.80471,20.85897,18.4603
A08,06D,0,0,0.607,True,0.96475,12.42145,4.2174,10.39714,27.03599,0.70705,18.6322,21.17444
A08,06D,512,0,0.595,True,0.96475,12.02869,4.13943,9.81682,25.98495,0.74808,19.82782,20.18128
A08,06D,1024,0,0.566,True,0.96475,11.01201,4.01333,9.20144,24.22678,0.77681,20.551,18.92203
A08,06D,1027,0,0.566,True,0.96475,10.9684,4.01915,9.20557,24.19313,0.77583,20.52493,18.96417
A08,06D,0,512,0.618,True,0.96475,13.42285,4.67781,11.04091,29.14157,0.70252,18.42627,21.21688
A08,06D,512,512,0.598,True,0.96475,12.45133,4.63698,10.09074,27.17905,0.78898,20.51668,18.69911
A08,06D,1024,512,0.517,True,0.96475,11.39089,4.11475,8.0885,23.59414,0.79126,20.73697,18.38649
A08,06D,1027,512,0.515,True,0.96475,11.33025,4.11343,8.0608,23.50448,0.79065,20.73183,18.38714
A08,06D,0,864,0.613,True,0.96475,14.21856,4.70028,10.75981,29.67864,0.71316,18.10353,21.7917
A08,06D,512,864,0.567,True,0.96475,12.81644,4.66,9.57413,27.05057,0.81534,20.63523,18.37522
A08,06D,1024,864,0.371,True,0.96475,11.63732,3.50556,5.68206,20.82494,0.84867,22.08214,16.15348
A08,06D,1027,864,0.369,True,0.96475,11.60346,3.48983,5.63707,20.73036,0.84847,22.08914,16.13656
A09,00A,0,0,0.478,True,0.94176,17.1825,8.27122,8.65023,34.10395,0.69984,20.90043,18.03579
A09,00A,512,0,0.477,True,0.94176,16.12572,8.70882,8.7012,33.53574,0.59298,20.35563,18.87894
A09,00A,1024,0,0.48,True,0.94176,16.77468,8.83629,9.35926,34.97022,0.63383,20.38283,18.56453
A09,00A,1027,0,0.481,True,0.94176,16.72089,8.81364,9.3612,34.89574,0.63362,20.37712,18.57861
A09,00A,0,512,0.478,True,0.94176,16.50333,8.06038,8.45852,33.02224,0.71,20.73604,17.80416
A09,00A,512,512,0.476,True,0.94176,15.07234,8.13117,8.34523,31.54874,0.61283,20.36789,18.68041
A09,00A,1024,512,0.493,True,0.94176,16.02687,8.36552,9.39975,33.79214,0.62545,20.36297,18.60575
A09,00A,1027,512,0.493,True,0.94176,16.00918,8.35257,9.38058,33.74234,0.62501,20.35753,18.61446
A09,00A,0,864,0.491,True,0.94176,16.2644,7.80325,8.48587,32.55352,0.68325,20.08517,18.4273
A09,00A,512,864,0.479,True,0.94176,14.60964,8.19184,8.23902,31.0405,0.65743,20.81954,17.84527
A09,00A,1024,864,0.487,True,0.94176,15.3208,7.92365,9.05249,32.29694,0.64398,20.63126,18.10378
A09,00A,1027,864,0.487,True,0.94176,15.27943,7.87872,9.04277,32.20092,0.64379,20.63313,18.10022
A09,00B,0,0,0.499,True,0.97523,17.89763,8.61133,9.51733,36.02629,0.84408,20.66902,17.14311
A09,00B,512,0,0.507,True,0.97523,16.73749,9.01526,9.65372,35.40648,0.77001,21.83399,16.57046
A09,00B,1024,0,0.522,True,0.97523,16.49664,9.48971,10.1271,36.11344,0.74204,21.32525,17.2918
A09,00B,1027,0,0.522,True,0.97523,16.79813,9.42945,10.11064,36.33822,0.73975,20.85423,17.59908
A09,00B,0,512,0.508,True,0.97523,17.54903,8.09948,9.56205,35.21055,0.83266,20.15422,17.22316
A09,00B,512,512,0.499,True,0.97523,15.59317,7.96211,9.39319,32.94848,0.77628,22.04398,16.2485
A09,00B,1024,512,0.524,True,0.97523,15.82527,9.16483,10.17269,35.16279,0.73747,21.51746,16.90053
A09,00B,1027,512,0.525,True,0.97523,15.85481,9.18967,10.18964,35.23413,0.73605,21.49279,16.93873
A09,00B,0,864,0.506,True,0.97523,17.44902,7.68552,9.37697,34.51151,0.82766,19.76264,17.32759
A09,00B,512,864,0.469,True,0.97523,14.82909,7.1249,8.46706,30.42106,0.77496,22.11102,16.16449
A09,00B,1024,864,0.515,True,0.97523,14.97826,8.41635,9.59711,32.99172,0.71506,21.41319,17.12207
A09,00B,1027,864,0.515,True,0.97523,14.96405,8.42396,9.60264,32.99065,0.71362,21.39709,17.14526
A09,00C,0,0,0.497,True,0.94398,18.52485,6.72503,8.51863,33.76852,0.66431,17.26656,20.57602
A09,00C,512,0,0.497,True,0.94398,15.99406,7.1871,8.19278,31.37394,0.62433,17.83311,20.93358
A09,00C,1024,0,0.511,True,0.94398,16.76434,7.43366,9.05928,33.25728,0.59662,17.7709,21.34647
A09,00C,1027,0,0.512,True,0.94398,16.78007,7.42282,9.07739,33.28028,0.59477,17.76757,21.365
A09,00C,0,512,0.492,True,0.94398,16.0494,6.4449,8.41559,30.90989,0.68128,19.17367,18.67792
A09,00C,512,512,0.501,True,0.94398,13.72407,7.10354,8.72266,29.55027,0.63641,20.98018,17.58892
A09,00C,1024,512,0.501,True,0.94398,14.34983,7.34722,9.2499,30.94695,0.65462,20.83728,17.62371
A09,00C,1027,512,0.501,True,0.94398,14.39829,7.33453,9.24493,30.97775,0.65408,20.82867,17.64047
A09,00C,0,864,0.497,True,0.94398,16.19088,6.05948,8.5471,30.79746,0.7275,18.96915,18.38452
A09,00C,512,864,0.522,True,0.94398,13.59304,7.21869,9.16727,29.97901,0.64788,20.67669,18.11787
A09,00C,1024,864,0.535,True,0.94398,14.43579,7.86047,10.09628,32.39254,0.66927,20.85938,17.70301
A09,00C,1027,864,0.535,True,0.94398,14.50038,7.86243,10.11041,32.47322,0.66836,20.85379,17.71592
A09,00D,0,0,0.494,True,0.97562,18.5169,6.9883,8.76015,34.26536,0.81612,17.83517,18.83949
A09,00D,512,0,0.508,True,0.97562,15.67752,6.91574,8.80301,31.39627,0.75857,19.89138,17.69329
A09,00D,1024,0,0.518,True,0.97562,15.21576,7.75969,9.28152,32.25697,0.70807,20.01833,18.03832
A09,00D,1027,0,0.518,True,0.97562,15.18541,7.75519,9.26915,32.20976,0.70707,20.01609,18.0358
A09,00D,0,512,0.52,True,0.97562,17.07236,6.63176,9.41401,33.11812,0.83364,19.05396,17.39372
A09,00D,512,512,0.523,True,0.97562,14.11809,7.13208,9.15035,30.40051,0.7831,22.14505,16.01071
A09,00D,1024,512,0.506,True,0.97562,13.37906,7.56738,8.7924,29.73884,0.74345,21.482,16.76881
A09,00D,1027,512,0.505,True,0.97562,13.47127,7.60784,8.81943,29.89854,0.74194,21.46001,16.80084
A09,00D,0,864,0.534,True,0.97562,17.07645,6.5023,9.59288,33.17163,0.84294,18.79378,17.87598
A09,00D,512,864,0.498,True,0.97562,13.8928,6.41927,8.83741,29.14948,0.80421,22.33812,15.6865
A09,00D,1024,864,0.495,True,0.97562,13.17719,6.94926,8.8214,28.94786,0.76335,21.88322,16.03783
A09,00D,1027,864,0.495,True,0.97562,13.1486,6.94677,8.83254,28.92792,0.76192,21.86693,16.05969
A09,01A,0,0,0.503,True,0.96052,12.74638,4.9611,8.62412,26.3316,0.72618,21.2051,16.96196
A09,01A,512,0,0.525,True,0.96052,12.23078,5.51754,9.25111,26.99943,0.6775,20.53865,18.16852
A09,01A,1024,0,0.512,True,0.96052,13.03805,5.09812,9.23139,27.36756,0.73363,21.11041,16.97378
A09,01A,1027,0,0.512,True,0.96052,13.85068,4.92755,9.16324,27.94147,0.7306,19.94432,17.73862
A09,01A,0,512,0.52,True,0.96052,12.79819,4.99301,8.3917,26.18291,0.74546,21.53417,16.49117
A09,01A,512,512,0.554,True,0.96052,12.33376,5.69141,9.25158,27.27674,0.65266,20.33126,18.65333
A09,01A,1024,512,0.548,True,0.96052,12.97764,5.31796,9.30792,27.60351,0.72452,20.826,17.60118
A09,01A,1027,512,0.549,True,0.96052,13.22595,5.25488,9.27774,27.75857,0.72367,20.44163,17.88487
A09,01A,0,864,0.53,True,0.96052,12.63792,5.35977,8.49896,26.49665,0.75926,21.16832,17.05607
A09,01A,512,864,0.507,True,0.96052,11.86627,5.42264,8.19352,25.48242,0.68694,20.88496,17.26178
A09,01A,1024,864,0.554,True,0.96052,12.78137,5.26608,9.23971,27.28717,0.73582,21.16905,16.96395
A09,01A,1027,864,0.554,True,0.96052,12.83874,5.25007,9.22749,27.31631,0.73575,21.14234,16.99529
A09,01B,0,0,0.562,True,0.97072,13.52372,4.97419,10.03097,28.52887,0.84158,22.14378,15.82957
A09,01B,512,0,0.563,True,0.97072,12.40158,5.0752,9.8561,27.33289,0.7715,21.23113,17.25828
A09,01B,1024,0,0.557,True,0.97072,12.0613,5.79229,9.84035,27.69394,0.755,19.98205,18.0617
A09,01B,1027,0,0.557,True,0.97072,13.05343,5.58664,9.75195,28.39201,0.75083,18.74326,19.0429
A09,01B,0,512,0.54,True,0.97072,12.99091,4.8148,9.29316,27.09886,0.84296,22.16687,15.68194
A09,01B,512,512,0.553,True,0.97072,11.87242,5.20209,9.31475,26.38926,0.78772,21.38069,16.87253
A09,01B,1024,512,0.563,True,0.97072,11.32373,5.56708,9.85452,26.74534,0.77083,21.17888,16.80981
A09,01B,1027,512,0.564,True,0.97072,12.34241,5.37784,9.7782,27.49845,0.76658,19.71733,17.7526
A09,01B,0,864,0.543,True,0.97072,13.15119,4.91365,8.90761,26.97244,0.86248,22.06849,15.2851
A09,01B,512,864,0.576,True,0.97072,12.5205,5.03057,9.51359,27.06466,0.80522,21.17597,16.21336
A09,01B,1024,864,0.587,True,0.97072,12.57345,5.26061,10.11946,27.95352,0.75511,20.06194,17.55559
A09,01B,1027,864,0.587,True,0.97072,13.30087,5.10346,10.04816,28.45249,0.75152,19.16982,18.27715
A09,01C,0,0,0.545,True,0.9497,13.101,5.36633,8.57251,27.03984,0.76517,20.11682,17.56655
A09,01C,512,0,0.54,True,0.9497,12.08961,5.78495,8.46529,26.33985,0.62262,19.50984,19.62315
A09,01C,1024,0,0.528,True,0.9497,12.49401,4.90367,8.41315,25.81083,0.70524,20.29979,18.13258
A09,01C,1027,0,0.528,True,0.9497,12.52839,4.89794,8.4137,25.84002,0.70481,20.30643,18.12851
A09,01C,0,512,0.536,True,0.9497,12.6197,4.70264,8.46672,25.78906,0.77215,21.19776,16.89859
A09,01C,512,512,0.559,True,0.9497,12.05917,5.57894,9.18104,26.81915,0.64593,20.68153,17.97827
A09,01C,1024,512,0.535,True,0.9497,12.38082,4.79526,8.86323,26.03931,0.71971,21.29459,16.68826
A09,01C,1027,512,0.536,True,0.9497,12.34804,4.771,8.85616,25.9752,0.7199,21.2944,16.68936
A09,01C,0,864,0.547,True,0.9497,12.25369,4.62065,8.54301,25.41734,0.76559,20.78662,17.44485
A09,01C,512,864,0.565,True,0.9497,11.97147,5.38608,9.33393,26.69148,0.63761,20.12081,19.04807
A09,01C,1024,864,0.56,True,0.9497,12.40321,5.05886,9.22077,26.68284,0.67589,20.90334,17.36812
A09,01C,1027,864,0.56,True,0.9497,12.36954,5.02451,9.22609,26.62014,0.67598,20.89145,17.38863
A09,01D,0,0,0.555,True,0.97299,13.20957,4.65725,9.11441,26.98123,0.86385,21.94448,15.49366
A09,01D,512,0,0.567,True,0.97299,11.86998,4.70094,9.14255,25.71348,0.76682,21.71275,16.36972
A09,01D,1024,0,0.566,True,0.97299,11.27346,5.16179,9.44437,25.87962,0.74508,21.06946,16.9661
A09,01D,1027,0,0.566,True,0.97299,11.69722,5.08901,9.42842,26.21465,0.74253,20.5776,17.30871
A09,01D,0,512,0.544,True,0.97299,13.34601,4.41901,8.75227,26.51729,0.87237,21.21705,15.43812
A09,01D,512,512,0.576,True,0.97299,11.8223,4.42898,9.13246,25.38373,0.77475,21.60755,16.53766
A09,01D,1024,512,0.579,True,0.97299,11.34023,5.00951,9.60775,25.95749,0.76005,21.16878,16.87887
A09,01D,1027,512,0.578,True,0.97299,11.32783,4.97396,9.57892,25.88072,0.75749,21.09347,16.96299
A09,01D,0,864,0.57,True,0.97299,13.90043,4.51783,9.163,27.58126,0.87475,20.68149,15.74719
A09,01D,512,864,0.555,True,0.97299,11.73161,4.38201,8.7166,24.83021,0.77604,21.63445,16.45308
A09,01D,1024,864,0.562,True,0.97299,11.27388,4.87322,9.2083,25.3554,0.77173,21.51815,16.21202
A09,01D,1027,864,0.562,True,0.97299,11.23822,4.85346,9.19644,25.28812,0.76935,21.47171,16.26925
A09,02A,0,0,0.622,True,0.97412,10.03271,4.42384,10.679,25.13556,0.77814,22.16575,15.68085
A09,02A,512,0,0.62,True,0.97412,10.51298,4.60892,11.09307,26.21497,0.74845,21.32161,16.82663
A09,02A,1024,0,0.568,True,0.97412,10.38256,4.48735,9.7986,24.66851,0.78835,21.60899,16.35294
A09,02A,1027,0,0.568,True,0.97412,10.88279,4.36761,9.74294,24.99334,0.7853,20.73757,16.87682
A09,02A,0,512,0.638,True,0.97412,10.24895,4.53685,11.03661,25.82241,0.73391,21.54398,16.87932
A09,02A,512,512,0.61,True,0.97412,10.11983,4.69122,10.88161,25.69266,0.76753,21.51644,16.52845
A09,02A,1024,512,0.627,True,0.97412,10.47982,4.82006,10.83434,26.13422,0.73542,21.22037,17.31772
A09,02A,1027,512,0.627,True,0.97412,10.65089,4.79609,10.82913,26.27611,0.73309,21.04866,17.47054
A09,02A,0,864,0.653,True,0.97412,10.25151,4.66785,11.59128,26.51064,0.71234,21.65717,16.78617
A09,02A,512,864,0.612,True,0.97412,9.94041,4.75346,11.07547,25.76934,0.76995,21.79125,16.11403
A09,02A,1024,864,0.606,True,0.97412,10.33361,4.59858,10.40849,25.34068,0.73918,21.04287,17.36968
A09,02A,1027,864,0.605,True,0.97412,10.44011,4.63643,10.39508,25.47161,0.73689,21.00853,17.42023
A09,02B,0,0,0.611,True,0.96167,10.20939,4.64758,10.33188,25.18885,0.68329,20.93875,17.96629
A09,02B,512,0,0.609,True,0.96167,9.89882,5.20534,10.14334,25.2475,0.64695,20.3278,18.93796
A09,02B,1024,0,0.6,True,0.96167,10.25156,5.05569,10.20543,25.51268,0.82361,21.7267,16.15034
A09,02B,1027,0,0.6,True,0.96167,10.85231,4.99367,10.17606,26.02204,0.82246,20.95256,16.58774
A09,02B,0,512,0.575,True,0.96167,10.31972,4.3537,9.41765,24.09107,0.6309,20.77615,18.16115
A09,02B,512,512,0.588,True,0.96167,10.29939,4.9583,9.70477,24.96246,0.659,20.65831,18.28131
A09,02B,1024,512,0.579,True,0.96167,10.31442,4.70137,9.77292,24.78872,0.83311,21.95322,15.80041
A09,02B,1027,512,0.58,True,0.96167,10.36342,4.67717,9.77403,24.81462,0.83333,21.85432,15.87591
A09,02B,0,864,0.6,True,0.96167,10.68509,4.54215,9.94529,25.17253,0.60993,19.69744,19.49874
A09,02B,512,864,0.578,True,0.96167,10.44329,4.74435,9.47251,24.66016,0.64854,19.6795,18.78943
A09,02B,1024,864,0.557,True,0.96167,11.37872,4.30087,9.1556,24.83519,0.83659,20.03611,16.20941
A09,02B,1027,864,0.557,True,0.96167,11.45271,4.29733,9.18051,24.93055,0.83741,20.03812,16.20697
A09,02C,0,0,0.641,True,0.97624,9.81708,4.66727,11.48766,25.972,0.73301,21.18431,16.35373
A09,02C,512,0,0.61,True,0.97624,9.81999,4.58643,11.01829,25.4247,0.75774,21.33078,16.5666
A09,02C,1024,0,0.591,True,0.97624,10.00152,4.6594,10.28762,24.94855,0.77461,21.83094,16.19671
A09,02C,1027,0,0.591,True,0.97624,9.94701,4.64616,10.28674,24.8799,0.77347,21.81472,16.22056
A09,02C,0,512,0.65,True,0.97624,9.22574,4.62477,11.73502,25.58553,0.73083,21.58763,16.82575
A09,02C,512,512,0.644,True,0.97624,9.48212,4.78971,11.89935,26.17119,0.74752,21.8578,16.19204
A09,02C,1024,512,0.602,True,0.97624,9.74564,4.55643,10.9396,25.24168,0.7774,21.70021,16.46799
A09,02C,1027,512,0.601,True,0.97624,9.80338,4.57564,10.94355,25.32258,0.77646,21.67884,16.50007
A09,02C,0,864,0.664,True,0.97624,9.07004,4.61402,12.10409,25.78815,0.71749,21.39232,17.28883
A09,02C,512,864,0.652,True,0.97624,9.44491,4.74208,12.30819,26.49518,0.73656,21.2422,17.321
A09,02C,1024,864,0.623,True,0.97624,9.76074,4.66128,11.48167,25.90369,0.75852,21.49289,16.95919
A09,02C,1027,864,0.623,True,0.97624,9.73054,4.66316,11.48433,25.87803,0.75681,21.47638,16.98521
A09,02D,0,0,0.589,True,0.96873,10.35773,4.32918,9.8656,24.55251,0.64584,20.94567,17.8788
A09,02D,512,0,0.597,True,0.96873,10.03604,5.03234,10.169,25.23738,0.65933,21.07724,17.58531
A09,02D,1024,0,0.585,True,0.96873,10.28984,4.6997,10.31058,25.30011,0.81602,22.40576,15.11224
A09,02D,1027,0,0.585,True,0.96873,10.27133,4.6888,10.31223,25.27236,0.81657,22.41349,15.1017
A09,02D,0,512,0.592,True,0.96873,9.95965,4.46115,10.22887,24.64966,0.69082,21.10372,17.74338
A09,02D,512,512,0.59,True,0.96873,9.5508,4.95019,10.27512,24.77611,0.66953,21.07268,17.47587
A09,02D,1024,512,0.614,True,0.96873,10.16095,4.83614,11.1124,26.10949,0.8277,22.50915,15.12417
A09,02D,1027,512,0.614,True,0.96873,10.13907,4.83293,11.09445,26.06645,0.82887,22.51998,15.10807
A09,02D,0,864,0.593,True,0.96873,9.89333,4.40599,10.35831,24.65763,0.64808,20.73788,18.05807
A09,02D,512,864,0.599,True,0.96873,10.00506,4.98646,10.58064,25.57216,0.65986,20.76885,18.09566
A09,02D,1024,864,0.571,True,0.96873,9.8621,4.49554,10.17827,24.53591,0.82452,22.53121,14.91536
A09,02D,1027,864,0.571,True,0.96873,9.79418,4.46536,10.1552,24.41474,0.82553,22.53844,14.90773
A09,03A,0,0,0.467,True,0.96447,16.31613,6.32698,7.03054,29.67364,0.76635,20.05809,18.15173
A09,03A,512,0,0.476,True,0.96447,15.37156,5.96814,7.01662,28.35631,0.63725,20.85889,18.7653
A09,03A,1024,0,0.502,True,0.96447,13.84537,6.00449,7.57151,27.42137,0.6354,20.94017,18.4193
A09,03A,1027,0,0.502,True,0.96447,13.964,5.95087,7.54518,27.46006,0.63468,20.43798,18.75831
A09,03A,0,512,0.481,True,0.96447,16.62632,7.05359,7.22098,30.90089,0.75557,19.69632,18.80531
A09,03A,512,512,0.479,True,0.96447,15.02202,6.25557,7.17008,28.44767,0.63378,20.72705,18.95366
A09,03A,1024,512,0.481,True,0.96447,13.43578,5.90342,7.16108,26.50028,0.64487,20.79714,18.59447
A09,03A,1027,512,0.481,True,0.96447,13.40348,5.90446,7.1566,26.46454,0.64538,20.78289,18.61405
A09,03A,0,864,0.48,True,0.96447,17.26927,7.26268,7.24652,31.77847,0.75033,19.22911,19.38442
A09,03A,512,864,0.479,True,0.96447,14.99694,6.6162,7.28961,28.90275,0.63435,20.76429,18.90294
A09,03A,1024,864,0.489,True,0.96447,13.41594,6.31142,7.11832,26.84568,0.64838,20.6096,19.07026
A09,03A,1027,864,0.489,True,0.96447,13.38079,6.30558,7.12181,26.80817,0.6487,20.61501,19.05699
A09,03B,0,0,0.504,True,0.96516,13.08737,6.00319,7.88929,26.97985,0.75351,20.79664,17.67944
A09,03B,512,0,0.531,True,0.96516,13.62401,6.17461,8.63129,28.42992,0.73356,20.97547,17.88839
A09,03B,1024,0,0.51,True,0.96516,12.80483,5.40411,8.0449,26.25384,0.69287,21.52839,17.16048
A09,03B,1027,0,0.511,True,0.96516,12.84293,5.41465,8.04444,26.30202,0.69134,21.51471,17.18177
A09,03B,0,512,0.51,True,0.96516,13.79905,6.12373,8.208,28.13077,0.75451,20.14995,17.9475
A09,03B,512,512,0.487,True,0.96516,13.21787,5.54613,7.98887,26.75288,0.75255,21.584,16.63045
A09,03B,1024,512,0.512,True,0.96516,13.03146,5.21221,8.24786,26.49153,0.69108,21.34212,17.58994
A09,03B,1027,512,0.512,True,0.96516,13.04778,5.22036,8.23983,26.50797,0.69046,21.33075,17.60796
A09,03B,0,864,0.512,True,0.96516,13.76601,6.48902,7.97853,28.23356,0.73951,19.69566,18.28662
A09,03B,512,864,0.512,True,0.96516,13.49817,5.97178,8.35258,27.82253,0.72066,21.09721,17.57822
A09,03B,1024,864,0.514,True,0.96516,12.83253,5.54258,8.39342,26.76854,0.69873,21.36896,17.46226
A09,03B,1027,864,0.513,True,0.96516,12.78472,5.51843,8.38769,26.69085,0.69751,21.35442,17.48092
A09,03C,0,0,0.457,True,0.96468,20.50037,6.39802,6.54837,33.44676,0.74318,16.40017,22.14995
A09,03C,512,0,0.495,True,0.96468,17.2427,6.49587,7.14692,30.8855,0.61807,17.62769,21.98963
A09,03C,1024,0,0.495,True,0.96468,14.72803,6.04573,6.97348,27.74723,0.60718,18.03513,21.60027
A09,03C,1027,0,0.495,True,0.96468,14.73279,6.05638,6.97477,27.76395,0.60728,18.03878,21.58691
A09,03C,0,512,0.474,True,0.96468,18.4913,6.96774,6.71659,32.17562,0.74802,18.4016,19.84455
A09,03C,512,512,0.474,True,0.96468,15.32596,6.37596,6.9713,28.67321,0.65465,21.06129,18.18783
A09,03C,1024,512,0.494,True,0.96468,13.51237,6.14628,7.30304,26.96168,0.63301,21.02028,18.1174
A09,03C,1027,512,0.494,True,0.96468,13.57453,6.16421,7.30728,27.04602,0.6331,21.01741,18.12061
A09,03C,0,864,0.486,True,0.96468,18.9996,6.79931,6.54671,32.34562,0.79638,18.17289,19.40057
A09,03C,512,864,0.464,True,0.96468,15.19995,6.25265,6.44248,27.89508,0.86558,22.57485,15.36925
A09,03C,1024,864,0.511,True,0.96468,13.90984,6.37526,7.50777,27.79286,0.82432,22.42613,15.47428
A09,03C,1027,864,0.511,True,0.96468,13.82918,6.3587,7.50767,27.69555,0.82434,22.42988,15.46472
A09,03D,0,0,0.489,True,0.95952,15.46287,5.46201,7.28669,28.21157,0.70288,17.4415,20.69873
A09,03D,512,0,0.492,True,0.95952,14.68445,5.46195,7.88261,28.02901,0.70621,19.08951,19.01068
A09,03D,1024,0,0.516,True,0.95952,13.60351,5.44697,8.33019,27.38068,0.67037,19.93657,18.31734
A09,03D,1027,0,0.516,True,0.95952,13.54499,5.42887,8.31793,27.29178,0.66941,19.93743,18.322
A09,03D,0,512,0.489,True,0.95952,14.73363,5.76032,7.539,28.03296,0.70349,18.74318,18.90592
A09,03D,512,512,0.506,True,0.95952,13.4062,5.97162,8.08569,27.46352,0.7069,20.68583,18.25952
A09,03D,1024,512,0.536,True,0.95952,12.84567,5.96751,8.73355,27.54673,0.67495,20.99271,18.12216
A09,03D,1027,512,0.536,True,0.95952,12.82453,5.97661,8.73231,27.53345,0.67362,20.97608,18.15139
A09,03D,0,864,0.495,True,0.95952,15.47466,5.71398,7.6395,28.82813,0.68749,18.24242,19.37213
A09,03D,512,864,0.497,True,0.95952,13.49618,5.61427,7.76111,26.87156,0.77691,21.05189,17.15844
A09,03D,1024,864,0.527,True,0.95952,12.97572,5.67779,8.31079,26.9643,0.77287,21.45984,16.86094
A09,03D,1027,864,0.527,True,0.95952,12.93595,5.64406,8.30848,26.88849,0.77068,21.43214,16.89994
A09,04A,0,0,0.58,True,0.97057,10.61274,5.00195,8.72831,24.343,0.77573,20.46404,16.87208
A09,04A,512,0,0.565,True,0.97057,10.16009,5.25156,8.75469,24.16634,0.74039,21.77992,16.52854
A09,04A,1024,0,0.546,True,0.97057,9.84971,4.96303,8.34637,23.15911,0.71254,21.71429,16.5685
A09,04A,1027,0,0.546,True,0.97057,9.89982,4.96328,8.35244,23.21554,0.71189,21.60155,16.65194
A09,04A,0,512,0.579,True,0.97057,11.18303,5.01733,9.31927,25.51963,0.76983,20.20994,16.62845
A09,04A,512,512,0.566,True,0.97057,9.84522,5.20971,9.07575,24.13068,0.7828,22.12049,15.82361
A09,04A,1024,512,0.57,True,0.97057,9.4233,5.29081,9.0388,23.75291,0.73429,21.75707,16.48441
A09,04A,1027,512,0.57,True,0.97057,9.39335,5.28455,9.05728,23.73518,0.73397,21.75875,16.484
A09,04A,0,864,0.579,True,0.97057,11.17766,5.01973,9.48665,25.68403,0.76273,19.79482,17.14902
A09,04A,512,864,0.568,True,0.97057,9.96042,5.26066,9.12342,24.3445,0.76906,21.70154,16.41025
A09,04A,1024,864,0.589,True,0.97057,10.18522,5.26844,9.55101,25.00467,0.70503,20.9356,17.25163
A09,04A,1027,864,0.59,True,0.97057,10.15897,5.26421,9.55407,24.97725,0.7047,20.93195,17.25963
A09,04B,0,0,0.576,True,0.95316,10.1788,5.2791,9.12034,24.57823,0.69484,20.7871,16.89256
A09,04B,512,0,0.593,True,0.95316,10.56615,5.65098,9.67571,25.89283,0.66031,20.75483,18.02732
A09,04B,1024,0,0.597,True,0.95316,10.1215,5.88346,9.23303,25.23799,0.69485,20.55275,18.88147
A09,04B,1027,0,0.597,True,0.95316,10.11265,5.89766,9.23866,25.24897,0.69388,20.53463,18.91419
A09,04B,0,512,0.582,True,0.95316,10.26905,5.53692,9.72358,25.52954,0.68952,19.92651,17.89953
A09,04B,512,512,0.59,True,0.95316,10.53811,5.65736,9.94224,26.13771,0.65606,20.54553,18.36426
A09,04B,1024,512,0.583,True,0.95316,10.44356,5.68992,9.45119,25.58467,0.71041,21.05676,17.84297
A09,04B,1027,512,0.584,True,0.95316,10.39556,5.70227,9.45769,25.55552,0.70933,21.02289,17.89911
A09,04B,0,864,0.566,True,0.95316,11.09286,5.23725,9.44047,25.77058,0.68396,19.08319,18.5232
A09,04B,512,864,0.596,True,0.95316,11.58626,5.5203,10.28161,27.38817,0.67884,19.34434,19.08186
A09,04B,1024,864,0.596,True,0.95316,11.57026,5.64858,9.95275,27.1716,0.69486,19.16199,19.28769
A09,04B,1027,864,0.596,True,0.95316,11.53336,5.62917,9.95334,27.11587,0.69395,19.16061,19.31036
A09,04C,0,0,0.57,True,0.97137,11.50429,4.98971,9.47504,25.96904,0.76149,18.81749,18.22084
A09,04C,512,0,0.581,True,0.97137,10.18603,5.41375,9.73993,25.33971,0.73476,21.68738,16.63693
A09,04C,1024,0,0.581,True,0.97137,9.41695,5.57583,9.62496,24.61774,0.73642,21.53992,16.96369
A09,04C,1027,0,0.581,True,0.97137,9.37129,5.54495,9.62044,24.53668,0.73613,21.53712,16.96872
A09,04C,0,512,0.559,True,0.97137,11.48944,4.88951,9.41391,25.79287,0.77494,18.65286,18.3362
A09,04C,512,512,0.558,True,0.97137,9.10624,5.83438,8.84412,23.78475,0.7978,21.68636,16.48956
A09,04C,1024,512,0.584,True,0.97137,9.73819,5.61002,9.73272,25.08093,0.71563,21.35148,17.29106
A09,04C,1027,512,0.584,True,0.97137,9.75136,5.63414,9.73717,25.12267,0.71537,21.34791,17.29835
A09,04C,0,864,0.543,True,0.97137,11.58353,4.99283,8.72687,25.30323,0.80737,18.50536,17.98339
A09,04C,512,864,0.561,True,0.97137,9.01295,5.6402,8.82215,23.4753,0.81653,21.69791,16.44212
A09,04C,1024,864,0.581,True,0.97137,9.5116,5.63038,9.56477,24.70676,0.74565,21.6323,16.77376
A09,04C,1027,864,0.58,True,0.97137,9.51993,5.64352,9.56025,24.7237,0.74552,21.63318,16.77294
A09,04D,0,0,0.565,True,0.95477,10.19196,5.40724,9.54592,25.14511,0.73575,19.17726,18.65268
A09,04D,512,0,0.578,True,0.95477,10.14015,5.85065,10.20164,26.19244,0.68689,20.58088,18.27613
A09,04D,1024,0,0.596,True,0.95477,10.64473,6.20901,10.27875,27.13249,0.64578,20.79438,18.30502
A09,04D,1027,0,0.595,True,0.95477,10.6183,6.21148,10.26457,27.09435,0.64456,20.7711,18.34443
A09,04D,0,512,0.559,True,0.95477,10.71095,5.34804,9.51116,25.57015,0.69844,18.89433,18.62344
A09,04D,512,512,0.572,True,0.95477,10.21048,6.01135,10.08454,26.30636,0.67388,20.70389,17.97436
A09,04D,1024,512,0.588,True,0.95477,10.56615,5.99764,10.36787,26.93165,0.67689,21.12921,17.6015
A09,04D,1027,512,0.588,True,0.95477,10.5951,5.99468,10.35528,26.94505,0.67565,21.11519,17.62468
A09,04D,0,864,0.568,True,0.95477,11.30438,5.39203,9.65127,26.34769,0.70912,18.77026,18.52635
A09,04D,512,864,0.574,True,0.95477,10.42065,5.8589,9.97886,26.25841,0.68301,20.69096,18.00037
A09,04D,1024,864,0.585,True,0.95477,10.5456,6.03438,10.03389,26.61387,0.68738,20.91706,17.90861
A09,04D,1027,864,0.585,True,0.95477,10.55563,6.02696,10.0342,26.61679,0.68578,20.89516,17.94502
A09,05A,0,0,0.597,True,0.96116,10.47533,6.70038,10.37659,27.5523,0.71936,19.83985,19.67469
A09,05A,512,0,0.536,True,0.96116,10.76775,5.25131,8.63706,24.65612,0.7887,20.72591,17.44971
A09,05A,1024,0,0.54,True,0.96116,10.28688,5.45637,8.31905,24.0623,0.7926,21.14275,17.09725
A09,05A,1027,0,0.54,True,0.96116,10.88482,5.42272,8.29051,24.59805,0.78969,20.43977,17.55339
A09,05A,0,512,0.554,True,0.96116,10.20532,6.02337,8.93611,25.1648,0.65475,20.49438,18.15847
A09,05A,512,512,0.539,True,0.96116,10.62184,5.88994,8.85173,25.36351,0.78573,20.99135,17.02742
A09,05A,1024,512,0.597,True,0.96116,11.09727,6.13091,10.24361,27.4718,0.62625,21.03025,17.55546
A09,05A,1027,512,0.598,True,0.96116,11.16864,6.10531,10.22891,27.50286,0.62355,20.89802,17.68111
A09,05A,0,864,0.591,True,0.96116,10.99579,6.05144,10.48291,27.53014,0.62167,20.27568,18.79947
A09,05A,512,864,0.59,True,0.96116,11.59992,6.00194,10.81006,28.41193,0.71111,20.8602,17.75445
A09,05A,1024,864,0.541,True,0.96116,11.00209,6.01417,8.91803,25.93428,0.75537,20.82393,17.13098
A09,05A,1027,864,0.54,True,0.96116,10.96818,5.98385,8.90306,25.85509,0.75447,20.80877,17.14765
A09,05B,0,0,0.575,True,0.97375,10.64077,6.32393,9.19579,26.16049,0.76493,22.0352,15.7685
A09,05B,512,0,0.592,True,0.97375,11.90428,6.09415,10.24251,28.24094,0.70948,20.93804,17.56757
A09,05B,1024,0,0.442,True,0.97375,11.26788,4.81771,6.28987,22.37545,0.84627,21.24127,16.34212
A09,05B,1027,0,0.442,True,0.97375,11.3624,4.81716,6.28448,22.46404,0.84507,21.12744,16.44417
A09,05B,0,512,0.559,True,0.97375,10.68675,6.45521,9.35551,26.49747,0.70615,21.93658,15.7951
A09,05B,512,512,0.571,True,0.97375,11.92624,6.492,10.24754,28.66578,0.63401,21.08318,17.12408
A09,05B,1024,512,0.551,True,0.97375,11.50982,6.03112,9.57357,27.11451,0.73745,21.37366,16.46121
A09,05B,1027,512,0.551,True,0.97375,11.53054,6.04735,9.55749,27.13538,0.7364,21.33463,16.51008
A09,05B,0,864,0.462,True,0.97375,10.53196,6.15184,6.74437,23.42817,0.84411,20.89004,15.31946
A09,05B,512,864,0.457,True,0.97375,12.13389,5.02088,7.42484,24.57961,0.74429,19.43118,17.28419
A09,05B,1024,864,0.492,True,0.97375,13.06115,4.9681,7.98772,26.01697,0.81585,19.3275,17.44244
A09,05B,1027,864,0.491,True,0.97375,13.01174,4.95765,7.9824,25.95179,0.81542,19.32104,17.46216
A09,05C,0,0,0.508,True,0.96362,11.23873,5.54045,9.24163,26.02081,0.63413,19.46211,18.37287
A09,05C,512,0,0.54,True,0.96362,10.97134,6.12572,8.8769,25.97396,0.82567,21.34433,16.5664
A09,05C,1024,0,0.564,True,0.96362,10.92604,6.09577,9.42629,26.44809,0.7068,20.99522,17.61349
A09,05C,1027,0,0.564,True,0.96362,10.84437,6.08835,9.41427,26.34699,0.70395,20.97147,17.65416
A09,05C,0,512,0.548,True,0.96362,11.85232,5.9362,9.84891,27.63743,0.62734,19.52417,18.489
A09,05C,512,512,0.52,True,0.96362,10.70312,6.09443,8.00093,24.79847,0.77894,20.49418,18.04164
A09,05C,1024,512,0.618,True,0.96362,11.64082,6.13718,11.19363,28.97162,0.65255,20.86953,18.12773
A09,05C,1027,512,0.618,True,0.96362,11.6656,6.1406,11.19922,29.00541,0.65052,20.85958,18.14644
A09,05C,0,864,0.606,True,0.96362,12.92313,6.1101,10.93505,29.96828,0.58917,19.05756,19.70298
A09,05C,512,864,0.599,True,0.96362,12.03984,6.27561,10.47263,28.78808,0.77832,21.33856,17.05518
A09,05C,1024,864,0.605,True,0.96362,11.56351,6.03018,10.80351,28.39719,0.67893,20.89454,17.99506
A09,05C,1027,864,0.604,True,0.96362,11.50723,6.0053,10.78156,28.29409,0.6767,20.87974,18.01965
A09,05D,0,0,0.535,True,0.97582,10.80549,5.56324,8.77356,25.1423,0.82637,21.85103,15.8144
A09,05D,512,0,0.464,True,0.97582,11.22821,5.09853,7.61364,23.94038,0.79961,20.85685,16.81439
A09,05D,1024,0,0.436,True,0.97582,11.60031,5.85297,7.00229,24.45558,0.83601,21.88442,15.37765
A09,05D,1027,0,0.436,True,0.97582,11.54136,5.83583,6.98507,24.36226,0.83486,21.85554,15.413
A09,05D,0,512,0.596,True,0.97582,11.49462,6.98723,11.07139,29.55324,0.68972,21.63591,16.72435
A09,05D,512,512,0.588,True,0.97582,12.27686,6.67761,10.95888,29.91334,0.6724,20.7988,17.83061
A09,05D,1024,512,0.565,True,0.97582,12.51815,5.95303,9.77891,28.25009,0.75001,21.37996,16.81188
A09,05D,1027,512,0.566,True,0.97582,12.50003,5.97307,9.78999,28.26309,0.74809,21.37315,16.82613
A09,05D,0,864,0.582,True,0.97582,11.39363,6.78653,10.25889,28.43905,0.73374,21.57825,16.59222
A09,05D,512,864,0.588,True,0.97582,12.19548,6.38437,10.93678,29.51664,0.73008,21.12572,17.14548
A09,05D,1024,864,0.626,True,0.97582,13.10936,6.42683,11.56361,31.09981,0.7384,21.05651,17.55276
A09,05D,1027,864,0.626,True,0.97582,13.05,6.38927,11.54926,30.98853,0.73626,21.03036,17.59407
A13,00A,0,0,0.53,True,0.94181,10.89506,6.01277,7.26239,24.17022,0.44382,19.1882,20.53514
A13,00A,512,0,0.639,True,0.94181,12.42627,5.94904,9.8599,28.23521,0.63688,20.10708,19.17592
A13,00A,1024,0,0.726,True,0.94181,10.78109,5.65516,11.35262,27.78887,0.62684,19.47577,20.39026
A13,00A,1027,0,0.726,True,0.94181,11.77756,5.43898,11.28102,28.49756,0.62267,18.45802,21.29938
A13,00A,0,512,0.653,True,0.94181,11.31741,6.18182,9.55579,27.05501,0.45457,18.22442,23.23764
A13,00A,512,512,0.666,True,0.94181,11.66829,5.64362,9.85291,27.16482,0.59308,19.87952,19.82415
A13,00A,1024,512,0.693,True,0.94181,10.74132,4.86573,10.603,26.21005,0.71457,20.76682,18.16914
A13,00A,1027,512,0.694,True,0.94181,11.25294,4.72605,10.53792,26.51691,0.71203,20.09783,18.67057
A13,00A,0,864,0.644,True,0.94181,10.81995,5.38829,9.2608,25.46905,0.49326,18.66171,21.91032
A13,00A,512,864,0.722,True,0.94181,11.71156,5.37493,10.76678,27.85327,0.64633,20.79446,18.04185
A13,00A,1024,864,0.735,True,0.94181,10.73373,4.78228,11.04403,26.56005,0.69836,20.70615,18.46707
A13,00A,1027,864,0.736,True,0.94181,10.93122,4.74122,11.02516,26.69761,0.69603,20.47759,18.65747
A13,00B,0,0,0.716,True,0.94722,10.53098,6.1697,11.24384,27.94453,0.60009,20.06391,19.77583
A13,00B,512,0,0.676,True,0.94722,11.03601,6.17019,11.1464,28.35261,0.55124,18.98465,22.0309
A13,00B,1024,0,0.639,True,0.94722,11.64398,6.63221,9.34171,27.6179,0.49945,20.32782,19.20451
A13,00B,1027,0,0.639,True,0.94722,11.60021,6.62472,9.3185,27.54342,0.49693,20.31235,19.23811
A13,00B,0,512,0.751,True,0.94722,10.93642,4.99463,11.27442,27.20546,0.69192,20.77834,18.3941
A13,00B,512,512,0.735,True,0.94722,11.24136,5.68961,11.37368,28.30464,0.54897,19.74794,20.12274
A13,00B,1024,512,0.694,True,0.94722,11.41439,6.17384,10.82,28.40823,0.491,19.75037,20.66402
A13,00B,1027,512,0.693,True,0.94722,11.41695,6.18235,10.80114,28.40044,0.48926,19.74205,20.6806
A13,00B,0,864,0.724,True,0.94722,10.43272,4.5757,10.64239,25.65081,0.70326,20.59346,18.63171
A13,00B,512,864,0.724,True,0.94722,10.89117,5.26012,10.88879,27.04007,0.57146,19.2135,20.81966
A13,00B,1024,864,0.739,True,0.94722,11.6138,5.72754,11.35447,28.69581,0.46351,18.61127,22.2441
A13,00B,1027,864,0.739,True,0.94722,11.60435,5.73812,11.35587,28.69834,0.46155,18.59007,22.29421
A13,00C,0,0,0.705,True,0.94556,13.19072,4.82704,10.50587,28.52363,0.49646,16.31872,25.84217
A13,00C,512,0,0.754,True,0.94556,12.61474,4.90002,11.8418,29.35656,0.66813,18.69073,20.50121
A13,00C,1024,0,0.751,True,0.94556,11.16263,4.35123,11.69719,27.21105,0.68167,20.00649,18.66958
A13,00C,1027,0,0.752,True,0.94556,11.05632,4.36659,11.70504,27.12795,0.67944,19.99161,18.71151
A13,00C,0,512,0.726,True,0.94556,11.07897,4.67213,11.1815,26.93259,0.51737,17.42259,24.17279
A13,00C,512,512,0.76,True,0.94556,10.97138,4.53014,12.64632,28.14784,0.64317,19.32736,20.93283
A13,00C,1024,512,0.775,True,0.94556,10.17686,4.12278,12.49441,26.79406,0.7083,20.47913,18.74119
A13,00C,1027,512,0.775,True,0.94556,10.12267,4.13809,12.4756,26.73636,0.70725,20.46014,18.76982
A13,00C,0,864,0.71,True,0.94556,11.39618,4.125,10.96005,26.48123,0.53389,17.2007,24.36854
A13,00C,512,864,0.763,True,0.94556,10.66902,4.3267,12.71185,27.70758,0.63366,19.51805,20.62963
A13,00C,1024,864,0.784,True,0.94556,10.0201,3.97889,12.8026,26.80159,0.69612,20.18331,19.22677
A13,00C,1027,864,0.783,True,0.94556,10.05777,3.95509,12.77931,26.79217,0.69473,20.15489,19.27447
A13,00D,0,0,0.729,True,0.95298,10.55119,4.49005,11.16077,26.20201,0.69414,19.88243,19.58605
A13,00D,512,0,0.705,True,0.95298,10.1037,4.57509,11.08603,25.76482,0.64244,19.29607,20.82051
A13,00D,1024,0,0.734,True,0.95298,10.53203,5.60491,11.37077,27.50771,0.54816,19.6769,20.48716
A13,00D,1027,0,0.734,True,0.95298,10.57856,5.63312,11.36857,27.58024,0.54515,19.66421,20.51248
A13,00D,0,512,0.706,True,0.95298,10.33217,4.03431,11.02552,25.39199,0.72638,19.54071,19.52272
A13,00D,512,512,0.724,True,0.95298,10.05527,4.58721,11.59799,26.24047,0.6023,18.82941,21.84331
A13,00D,1024,512,0.711,True,0.95298,9.539,4.3728,10.72997,24.64176,0.66776,20.33521,18.78412
A13,00D,1027,512,0.712,True,0.95298,9.61728,4.3973,10.7564,24.77098,0.66522,20.33416,18.79211
A13,00D,0,864,0.709,True,0.95298,10.52312,3.81209,11.16356,25.49876,0.72278,18.79036,20.50583
A13,00D,512,864,0.728,True,0.95298,9.91906,4.38287,11.88492,26.18685,0.61413,18.63082,22.28516
A13,00D,1024,864,0.744,True,0.95298,9.3708,4.36602,11.71191,25.44872,0.61468,19.0694,21.44449
A13,00D,1027,864,0.746,True,0.95298,9.29981,4.33788,11.73765,25.37534,0.61195,19.04891,21.50258
A13,01A,0,0,0.759,True,0.95726,9.39929,3.97456,12.49982,25.87367,0.65118,18.80538,21.14238
A13,01A,512,0,0.788,True,0.95726,9.83824,4.53012,12.58711,26.95547,0.65813,20.16101,19.63842
A13,01A,1024,0,0.794,True,0.95726,10.44852,3.9817,12.46879,26.89901,0.66125,19.77603,19.95314
A13,01A,1027,0,0.794,True,0.95726,11.2556,3.77677,12.34485,27.37723,0.65718,18.83758,20.78272
A13,01A,0,512,0.784,True,0.95726,9.43244,3.97164,13.16397,26.56804,0.65863,19.33135,20.20206
A13,01A,512,512,0.746,True,0.95726,9.71152,3.99566,12.5075,26.21468,0.73283,20.51985,18.5713
A13,01A,1024,512,0.805,True,0.95726,9.75209,4.20285,12.84174,26.79669,0.67867,20.52251,18.90143
A13,01A,1027,512,0.806,True,0.95726,10.20362,4.02599,12.73787,26.96748,0.67624,19.8761,19.43098
A13,01A,0,864,0.773,True,0.95726,11.38468,3.59641,12.78664,27.76772,0.64105,17.13166,22.87094
A13,01A,512,864,0.801,True,0.95726,12.03563,3.76731,12.84552,28.64847,0.71807,17.78807,21.64576
A13,01A,1024,864,0.798,True,0.95726,12.58667,3.65869,12.35737,28.60273,0.67411,17.66822,21.73128
A13,01A,1027,864,0.797,True,0.95726,12.82044,3.66134,12.31086,28.79265,0.67282,17.50057,21.97008
A13,01B,0,0,0.73,True,0.94689,9.82788,4.3892,11.38267,25.59976,0.67165,19.63508,20.55369
A13,01B,512,0,0.708,True,0.94689,9.79579,4.64956,11.04976,25.49511,0.61879,18.4168,22.85275
A13,01B,1024,0,0.635,True,0.94689,9.96757,4.31707,9.2097,23.49433,0.66278,19.09958,21.21541
A13,01B,1027,0,0.635,True,0.94689,10.24551,4.22842,9.13766,23.61158,0.66143,18.6326,21.67227
A13,01B,0,512,0.768,True,0.94689,10.22484,4.42888,12.32151,26.97522,0.64232,19.52542,20.8551
A13,01B,512,512,0.731,True,0.94689,9.88343,4.23458,11.80149,25.9195,0.64499,19.06516,21.25649
A13,01B,1024,512,0.7,True,0.94689,9.48934,4.34534,10.55017,24.38485,0.6563,19.44247,20.58161
A13,01B,1027,512,0.7,True,0.94689,9.60644,4.37329,10.55344,24.53317,0.65515,19.42769,20.60914
A13,01B,0,864,0.773,True,0.94689,13.71125,4.12492,12.14982,29.98599,0.65054,16.59985,23.64987
A13,01B,512,864,0.77,True,0.94689,13.67308,3.90113,12.02055,29.59476,0.59515,15.84,26.80501
A13,01B,1024,864,0.75,True,0.94689,15.01812,4.00794,11.02815,30.05421,0.6443,15.52003,25.79522
A13,01B,1027,864,0.749,True,0.94689,15.10435,4.01463,11.01303,30.132,0.64358,15.52802,25.7859
A13,01C,0,0,0.756,True,0.94924,9.61816,3.50688,13.07707,26.20211,0.65224,18.09274,22.24649
A13,01C,512,0,0.773,True,0.94924,8.9748,3.97754,13.02109,25.97342,0.72553,20.25975,19.1591
A13,01C,1024,0,0.807,True,0.94924,9.12996,3.74104,13.10973,25.98072,0.67922,20.46354,18.95099
A13,01C,1027,0,0.806,True,0.94924,9.19726,3.71969,13.09199,26.00894,0.67868,20.46069,18.95275
A13,01C,0,512,0.778,True,0.94924,9.4663,3.64865,13.27573,26.39068,0.6033,16.84968,25.5306
A13,01C,512,512,0.78,True,0.94924,8.60466,3.9938,13.37575,25.97421,0.70298,19.58003,20.60907
A13,01C,1024,512,0.789,True,0.94924,8.70849,3.76712,12.89834,25.37395,0.68797,19.69182,20.55936
A13,01C,1027,512,0.789,True,0.94924,8.63571,3.77329,12.89023,25.29923,0.68658,19.66451,20.61678
A13,01C,0,864,0.753,True,0.94924,9.49141,3.54575,12.84409,25.88125,0.61368,16.47506,25.49857
A13,01C,512,864,0.782,True,0.94924,8.64639,3.89978,13.27007,25.81623,0.70315,19.39858,20.76166
A13,01C,1024,864,0.801,True,0.94924,9.26161,3.46247,13.11463,25.83872,0.68576,19.08393,20.87891
A13,01C,1027,864,0.801,True,0.94924,9.28597,3.45343,13.10223,25.84164,0.68503,19.06619,20.91201
A13,01D,0,0,0.786,True,0.95373,10.31497,3.92205,13.07338,27.3104,0.67903,19.46144,20.49374
A13,01D,512,0,0.792,True,0.95373,9.61985,4.33107,13.17611,27.12703,0.58748,18.44638,23.22977
A13,01D,1024,0,0.721,True,0.95373,9.32145,4.25318,11.41536,24.98999,0.65984,19.17702,21.25474
A13,01D,1027,0,0.719,True,0.95373,9.38825,4.26171,11.40134,25.0513,0.6593,19.18061,21.244
A13,01D,0,512,0.77,True,0.95373,10.27464,3.72513,12.62103,26.6208,0.69707,18.79887,21.38579
A13,01D,512,512,0.739,True,0.95373,9.19698,4.12463,12.25526,25.57687,0.60901,18.60951,22.23463
A13,01D,1024,512,0.704,True,0.95373,9.19632,3.97519,11.00025,24.17177,0.66405,19.48369,20.51093
A13,01D,1027,512,0.704,True,0.95373,9.21095,4.00016,10.98811,24.19922,0.66253,19.44996,20.57276
A13,01D,0,864,0.792,True,0.95373,12.32008,3.86933,12.34302,28.53244,0.66365,17.62173,22.44235
A13,01D,512,864,0.729,True,0.95373,11.4896,3.92282,11.62487,27.03729,0.63024,17.23296,23.23948
A13,01D,1024,864,0.711,True,0.95373,11.43104,3.54447,10.51877,25.49428,0.66769,17.44154,22.9093
A13,01D,1027,864,0.71,True,0.95373,11.57349,3.5617,10.50423,25.63941,0.66737,17.42809,22.92449
A13,02A,0,0,0.828,True,0.98366,10.07943,5.09241,13.29141,28.46325,0.83669,22.64706,15.44899
A13,02A,512,0,0.816,True,0.98366,9.73096,4.33343,13.18734,27.25173,0.76547,21.61952,17.04845
A13,02A,1024,0,0.803,True,0.98366,10.55355,3.92164,13.1339,27.60909,0.74988,20.17377,18.11146
A13,02A,1027,0,0.803,True,0.98366,11.33632,3.89315,13.01521,28.24468,0.74568,19.22969,18.88434
A13,02A,0,512,0.832,True,0.98366,9.67389,4.75667,13.38503,27.81559,0.84926,22.31828,15.77705
A13,02A,512,512,0.832,True,0.98366,9.57897,4.17044,13.40376,27.15317,0.7421,21.38445,17.51585
A13,02A,1024,512,0.825,True,0.98366,9.93034,4.09283,13.4711,27.49427,0.73702,21.01479,17.65986
A13,02A,1027,512,0.825,True,0.98366,10.61876,3.98938,13.33517,27.9433,0.73313,19.9279,18.42914
A13,02A,0,864,0.809,True,0.98366,10.34242,4.31936,12.88276,27.54453,0.83941,21.4117,16.2057
A13,02A,512,864,0.826,True,0.98366,9.59525,3.91621,13.44022,26.95168,0.74486,21.45786,17.30269
A13,02A,1024,864,0.824,True,0.98366,10.02916,3.883,13.60431,27.51647,0.73249,20.44768,18.34289
A13,02A,1027,864,0.825,True,0.98366,10.466,3.83227,13.49752,27.79579,0.7296,19.81822,18.87413
A13,02B,0,0,0.801,True,0.98209,9.71527,4.08916,13.57131,27.37574,0.76787,20.85376,17.85187
A13,02B,512,0,0.762,True,0.98209,9.55461,3.76124,12.92207,26.23792,0.79106,21.34954,17.19105
A13,02B,1024,0,0.793,True,0.98209,9.30874,3.50442,12.85718,25.67034,0.75249,20.4793,18.48523
A13,02B,1027,0,0.794,True,0.98209,10.11572,3.41027,12.74037,26.26635,0.74862,19.53871,19.23391
A13,02B,0,512,0.836,True,0.98209,10.27611,4.13513,14.33662,28.74786,0.79201,20.85158,17.57216
A13,02B,512,512,0.764,True,0.98209,9.40972,3.71168,13.09843,26.21983,0.79205,21.39801,17.13658
A13,02B,1024,512,0.819,True,0.98209,9.08949,3.68853,13.54776,26.32578,0.73391,21.00685,18.02879
A13,02B,1027,512,0.818,True,0.98209,9.55681,3.53994,13.45958,26.55633,0.73157,20.39485,18.47744
A13,02B,0,864,0.827,True,0.98209,11.32245,3.83847,14.0245,29.18543,0.77739,18.72714,19.91679
A13,02B,512,864,0.802,True,0.98209,10.27092,3.44298,13.41967,27.13357,0.77163,19.47855,19.39166
A13,02B,1024,864,0.797,True,0.98209,10.625,3.28859,12.93469,26.84828,0.74189,18.78165,19.84109
A13,02B,1027,864,0.797,True,0.98209,10.85629,3.25713,12.94898,27.0624,0.74121,18.71174,19.92569
A13,02C,0,0,0.794,True,0.98618,11.77867,4.15334,12.13111,28.06312,0.80484,19.52525,17.32112
A13,02C,512,0,0.821,True,0.98618,9.5013,3.80566,13.36926,26.67622,0.72643,20.93112,17.89618
A13,02C,1024,0,0.77,True,0.98618,8.91406,3.84658,12.80357,25.56421,0.7567,20.62564,18.37145
A13,02C,1027,0,0.771,True,0.98618,8.95136,3.82642,12.81128,25.58906,0.75508,20.52882,18.4702
A13,02C,0,512,0.811,True,0.98618,11.83324,4.06157,12.79608,28.6909,0.83314,19.49498,17.52868
A13,02C,512,512,0.799,True,0.98618,9.34026,3.42896,13.14572,25.91493,0.76351,21.04036,17.88211
A13,02C,1024,512,0.786,True,0.98618,8.85448,3.73995,13.00568,25.60011,0.77493,21.20453,17.27287
A13,02C,1027,512,0.786,True,0.98618,8.89657,3.74354,13.00593,25.64603,0.774,21.18064,17.30058
A13,02C,0,864,0.76,True,0.98618,11.95462,3.75983,12.15085,27.86529,0.84069,18.71475,18.09374
A13,02C,512,864,0.761,True,0.98618,9.12634,3.48045,12.62309,25.22988,0.79888,21.16671,17.54987
A13,02C,1024,864,0.753,True,0.98618,8.49581,3.62185,12.49504,24.6127,0.79796,21.13453,17.1179
A13,02C,1027,864,0.752,True,0.98618,8.62362,3.63063,12.49986,24.75411,0.79713,21.11584,17.13812
A13,02D,0,0,0.805,True,0.98168,10.64852,3.59935,13.81639,28.06426,0.7838,19.29754,19.03751
A13,02D,512,0,0.832,True,0.98168,8.98548,3.74994,14.34085,27.07628,0.7604,20.74567,18.4311
A13,02D,1024,0,0.809,True,0.98168,8.49931,3.5122,13.56499,25.5765,0.75139,20.65456,18.54743
A13,02D,1027,0,0.809,True,0.98168,8.55602,3.51811,13.56566,25.6398,0.75129,20.65283,18.55066
A13,02D,0,512,0.813,True,0.98168,11.04053,3.60729,14.03991,28.68773,0.79245,18.62289,19.41186
A13,02D,512,512,0.858,True,0.98168,9.01048,4.08619,14.93902,28.03569,0.77524,21.49293,17.33576
A13,02D,1024,512,0.774,True,0.98168,8.41944,3.49855,12.93617,24.85415,0.76588,20.83324,18.02531
A13,02D,1027,512,0.774,True,0.98168,8.34905,3.49798,12.9325,24.77952,0.76588,20.83563,18.01816
A13,02D,0,864,0.811,True,0.98168,11.25636,3.55791,13.80053,28.6148,0.78622,18.15472,20.35393
A13,02D,512,864,0.822,True,0.98168,8.90307,3.82983,14.39671,27.12962,0.78337,21.28332,17.41253
A13,02D,1024,864,0.783,True,0.98168,8.21725,3.54336,13.17414,24.93476,0.77961,20.80569,18.1154
A13,02D,1027,864,0.782,True,0.98168,8.23845,3.5588,13.1773,24.97455,0.77969,20.80572,18.11234
A13,03A,0,0,0.791,True,0.95852,8.46124,3.7206,13.75104,25.93288,0.66466,18.57022,21.62619
A13,03A,512,0,0.838,True,0.95852,9.24663,3.81036,14.5094,27.5664,0.69374,20.05348,19.56575
A13,03A,1024,0,0.805,True,0.95852,8.68385,3.24168,13.37284,25.29837,0.71626,19.45036,20.30271
A13,03A,1027,0,0.805,True,0.95852,9.35376,3.16896,13.24752,25.77024,0.71168,18.80022,20.96785
A13,03A,0,512,0.758,True,0.95852,8.32949,3.8163,12.98225,25.12804,0.62847,18.23083,22.40974
A13,03A,512,512,0.78,True,0.95852,8.57794,3.57321,13.72879,25.87993,0.71026,19.70892,20.00757
A13,03A,1024,512,0.792,True,0.95852,8.37287,3.30478,13.52286,25.20051,0.72231,19.98517,19.53916
A13,03A,1027,512,0.792,True,0.95852,9.02032,3.15241,13.40833,25.58106,0.7184,19.21549,20.22845
A13,03A,0,864,0.729,True,0.95852,8.34249,3.74694,12.65832,24.74775,0.64173,17.88512,23.16818
A13,03A,512,864,0.881,True,0.95852,8.99651,3.37415,16.08007,28.45073,0.63585,19.84767,19.90127
A13,03A,1024,864,0.839,True,0.95852,9.19462,3.10395,14.37383,26.6724,0.69463,19.04142,20.76652
A13,03A,1027,864,0.839,True,0.95852,9.60207,3.10589,14.2812,26.98916,0.69238,18.69155,21.17433
A13,03B,0,0,0.862,True,0.94863,8.27806,3.63347,14.93555,26.84708,0.68661,19.71618,20.5705
A13,03B,512,0,0.864,True,0.94863,8.6866,3.56026,15.61211,27.85897,0.58421,18.81323,22.31014
A13,03B,1024,0,0.861,True,0.94863,8.52488,3.78312,14.82609,27.13409,0.61138,19.60609,20.91935
A13,03B,1027,0,0.861,True,0.94863,9.018,3.58568,14.73204,27.33573,0.60818,19.23814,21.32354
A13,03B,0,512,0.863,True,0.94863,8.75483,3.31123,15.36826,27.43431,0.66547,19.85501,20.07691
A13,03B,512,512,0.888,True,0.94863,8.25338,3.31358,16.45056,28.01751,0.54922,18.05953,24.35007
A13,03B,1024,512,0.842,True,0.94863,8.88833,3.89948,14.18646,26.97426,0.62517,19.36928,21.33778
A13,03B,1027,512,0.842,True,0.94863,9.03148,3.87815,14.17854,27.08817,0.62264,19.28414,21.45345
A13,03B,0,864,0.841,True,0.94863,9.44329,3.23963,14.73746,27.42038,0.65069,18.19479,22.39332
A13,03B,512,864,0.822,True,0.94863,10.14518,3.24615,14.25052,27.64184,0.60847,16.97875,24.99075
A13,03B,1024,864,0.806,True,0.94863,11.29501,3.47191,13.09238,27.8593,0.63206,17.34375,23.32749
A13,03B,1027,864,0.806,True,0.94863,11.24235,3.46919,13.06866,27.7802,0.63037,17.32541,23.38839
A13,03C,0,0,0.768,True,0.96094,9.31806,3.69781,13.45232,26.46819,0.64064,18.29401,22.19969
A13,03C,512,0,0.825,True,0.96094,8.49535,3.62628,15.01964,27.14128,0.67096,20.26282,19.12005
A13,03C,1024,0,0.783,True,0.96094,8.28538,3.27322,13.37328,24.93187,0.70983,20.40631,18.82333
A13,03C,1027,0,0.783,True,0.96094,8.40356,3.28749,13.36595,25.05701,0.70859,20.3477,18.88065
A13,03C,0,512,0.763,True,0.96094,9.74322,3.7131,13.05925,26.51557,0.64998,18.0486,22.05428
A13,03C,512,512,0.778,True,0.96094,8.99376,4.00151,13.43396,26.42923,0.7053,19.83303,19.90997
A13,03C,1024,512,0.814,True,0.96094,8.90179,3.42125,13.78241,26.10545,0.68567,20.25027,19.33419
A13,03C,1027,512,0.813,True,0.96094,8.81816,3.42525,13.77679,26.0202,0.68518,20.24277,19.34632
A13,03C,0,864,0.778,True,0.96094,10.27579,3.87401,13.22987,27.37967,0.65122,17.78849,22.46899
A13,03C,512,864,0.758,True,0.96094,9.07219,3.88751,12.88959,25.84929,0.7109,20.16608,19.19435
A13,03C,1024,864,0.816,True,0.96094,8.89385,3.72198,13.65846,26.2743,0.67374,20.0342,19.83599
A13,03C,1027,864,0.817,True,0.96094,8.92822,3.71508,13.65228,26.29558,0.67303,20.02705,19.85279
A13,03D,0,0,0.818,True,0.94818,8.11004,3.66998,14.03787,25.81789,0.65829,18.90502,22.13767
A13,03D,512,0,0.799,True,0.94818,8.33653,3.38528,13.85186,25.57368,0.62879,18.06017,23.78595
A13,03D,1024,0,0.744,True,0.94818,8.16563,3.82538,12.26568,24.25669,0.65611,18.93808,21.75493
A13,03D,1027,0,0.744,True,0.94818,8.23205,3.83359,12.24506,24.31069,0.65462,18.90651,21.81616
A13,03D,0,512,0.813,True,0.94818,8.91,3.69356,13.56033,26.1639,0.69259,19.25258,20.96504
A13,03D,512,512,0.766,True,0.94818,8.19754,3.7236,12.93643,24.85757,0.60682,18.00236,23.88975
A13,03D,1024,512,0.749,True,0.94818,8.44194,4.22671,11.69023,24.35887,0.65332,18.82816,22.51166
A13,03D,1027,512,0.749,True,0.94818,8.47444,4.2142,11.68262,24.37126,0.65223,18.80738,22.55447
A13,03D,0,864,0.799,True,0.94818,9.59381,4.04352,13.05577,26.6931,0.68181,19.06221,21.11177
A13,03D,512,864,0.758,True,0.94818,8.77505,4.27062,12.70626,25.75192,0.61892,18.74163,22.25422
A13,03D,1024,864,0.739,True,0.94818,9.48501,4.35338,11.72926,25.56765,0.63515,18.90313,21.43765
A13,03D,1027,864,0.739,True,0.94818,9.43262,4.31827,11.72163,25.47254,0.63346,18.88256,21.48094
A16,00A,0,0,0.525,True,0.97164,11.74127,4.41657,8.82466,24.9825,0.79134,21.34744,16.71294
A16,00A,512,0,0.52,True,0.97164,11.76883,4.10812,8.33414,24.2111,0.65112,20.41821,19.32177
A16,00A,1024,0,0.47,True,0.97164,11.22855,4.18731,7.14108,22.55693,0.63308,19.07062,19.92342
A16,00A,1027,0,0.47,True,0.97164,12.27998,4.05828,7.08655,23.42482,0.6295,17.96663,20.9392
A16,00A,0,512,0.504,True,0.97164,11.14588,4.28667,8.58713,24.01968,0.77055,21.65464,16.46852
A16,00A,512,512,0.538,True,0.97164,10.90528,4.36538,8.91212,24.18279,0.63258,20.32853,19.30307
A16,00A,1024,512,0.516,True,0.97164,10.63043,4.66251,8.19797,23.49092,0.59372,19.20331,20.78708
A16,00A,1027,512,0.516,True,0.97164,11.26877,4.51089,8.12735,23.90702,0.59008,18.11989,21.77555
A16,00A,0,864,0.578,True,0.97164,11.41077,4.6238,9.93568,25.97026,0.73515,21.09756,17.71193
A16,00A,512,864,0.549,True,0.97164,10.9805,4.19666,9.08495,24.26211,0.62957,20.17356,19.69987
A16,00A,1024,864,0.556,True,0.97164,10.4736,4.7054,9.18671,24.36572,0.59644,19.54446,20.64099
A16,00A,1027,864,0.554,True,0.97164,11.0938,4.59922,9.09974,24.79276,0.59338,18.29103,21.67472
A16,00B,0,0,0.388,True,0.97742,10.36208,3.75158,6.41085,20.52451,0.84199,22.13496,15.05762
A16,00B,512,0,0.419,True,0.97742,11.09493,4.19928,6.79194,22.08614,0.78731,21.68667,16.33387
A16,00B,1024,0,0.462,True,0.97742,10.94045,4.32941,7.18455,22.45441,0.70567,19.58635,18.89747
A16,00B,1027,0,0.463,True,0.97742,11.92693,4.13415,7.12597,23.18706,0.70129,18.46797,19.86452
A16,00B,0,512,0.517,True,0.97742,10.85327,4.81312,8.63336,24.29975,0.80048,21.31586,16.80308
A16,00B,512,512,0.523,True,0.97742,11.14587,4.64523,8.7079,24.499,0.73048,20.8669,18.01143
A16,00B,1024,512,0.466,True,0.97742,10.54534,4.24025,7.3262,22.11178,0.68224,20.27403,18.63095
A16,00B,1027,512,0.466,True,0.97742,11.50933,4.06515,7.26363,22.83811,0.6779,18.88164,19.66129
A16,00B,0,864,0.538,True,0.97742,10.68696,4.74575,9.08022,24.51293,0.81168,21.25574,16.87879
A16,00B,512,864,0.498,True,0.97742,11.02579,4.4095,8.1829,23.6182,0.76159,21.24036,17.33978
A16,00B,1024,864,0.403,True,0.97742,10.18251,3.7937,6.16106,20.13727,0.7266,21.04178,17.48093
A16,00B,1027,864,0.404,True,0.97742,11.09578,3.67557,6.11661,20.88796,0.72234,19.55696,18.44523
A16,00C,0,0,0.562,True,0.96996,14.06599,3.95203,9.48856,27.50659,0.75045,17.85376,20.06902
A16,00C,512,0,0.578,True,0.96996,12.90081,3.77454,9.3549,26.03026,0.62654,17.8902,22.18383
A16,00C,1024,0,0.498,True,0.96996,10.90513,4.24135,7.98281,23.1293,0.6142,18.09833,21.04479
A16,00C,1027,0,0.497,True,0.96996,11.48359,4.16019,7.94731,23.59109,0.61231,17.68373,21.539
A16,00C,0,512,0.522,True,0.96996,11.18059,4.10502,9.03514,24.32076,0.77583,20.41555,17.16245
A16,00C,512,512,0.58,True,0.96996,11.02499,4.49742,9.60439,25.1268,0.61371,19.97148,20.2354
A16,00C,1024,512,0.545,True,0.96996,10.24723,4.54201,8.5243,23.31354,0.58982,19.59305,20.72177
A16,00C,1027,512,0.544,True,0.96996,10.30815,4.53495,8.51384,23.35694,0.58946,19.52688,20.78831
A16,00C,0,864,0.508,True,0.96996,11.62865,3.83597,8.56073,24.02535,0.76759,19.569,18.31514
A16,00C,512,864,0.556,True,0.96996,10.5878,4.33748,9.19232,24.1176,0.63004,20.05082,19.98708
A16,00C,1024,864,0.523,True,0.96996,10.05379,4.4196,8.32428,22.79767,0.59239,19.68071,20.32146
A16,00C,1027,864,0.522,True,0.96996,9.99171,4.39168,8.30341,22.6868,0.59239,19.68373,20.30785
A16,00D,0,0,0.501,True,0.97456,11.72762,4.20564,8.2005,24.13376,0.80788,19.36817,17.77681
A16,00D,512,0,0.523,True,0.97456,11.53588,4.49757,8.19697,24.23042,0.763,19.85254,18.53809
A16,00D,1024,0,0.501,True,0.97456,10.35934,4.15972,7.67419,22.19326,0.68608,19.8285,19.35442
A16,00D,1027,0,0.502,True,0.97456,10.60858,4.07508,7.63023,22.31389,0.6835,19.29667,19.80101
A16,00D,0,512,0.51,True,0.97456,10.94144,4.25706,8.31794,23.51645,0.79733,20.38359,17.21132
A16,00D,512,512,0.43,True,0.97456,10.6001,3.91419,6.64854,21.16283,0.76833,21.44441,16.65566
A16,00D,1024,512,0.479,True,0.97456,10.2145,3.89796,7.0729,21.18537,0.70087,20.53689,18.67515
A16,00D,1027,512,0.478,True,0.97456,10.23817,3.89832,7.07757,21.21407,0.70041,20.50305,18.71396
A16,00D,0,864,0.517,True,0.97456,11.07805,4.30962,8.40029,23.78796,0.78929,19.60322,17.98925
A16,00D,512,864,0.374,True,0.97456,10.05499,3.45434,5.88636,19.39569,0.79693,22.0081,15.65447
A16,00D,1024,864,0.47,True,0.97456,9.55143,3.9073,7.13951,20.59824,0.70639,20.57221,18.43702
A16,00D,1027,864,0.472,True,0.97456,9.56057,3.92397,7.16768,20.65221,0.70534,20.55995,18.46447
A16,01A,0,0,0.536,True,0.97359,11.12231,4.51805,8.857,24.49736,0.73603,20.24573,18.99239
A16,01A,512,0,0.547,True,0.97359,11.23719,4.74182,9.67283,25.65184,0.78427,20.6831,18.01487
A16,01A,1024,0,0.578,True,0.97359,11.95366,5.16285,10.37492,27.49144,0.8301,21.1224,17.49924
A16,01A,1027,0,0.578,True,0.97359,12.84932,4.9344,10.28498,28.0687,0.82629,19.82001,18.34657
A16,01A,0,512,0.552,True,0.97359,11.24588,4.41895,9.22994,24.89477,0.7032,20.43823,19.07823
A16,01A,512,512,0.529,True,0.97359,11.51651,4.47411,8.85949,24.8501,0.72469,20.44392,18.47379
A16,01A,1024,512,0.546,True,0.97359,11.9241,4.49569,9.22151,25.6413,0.81215,21.20804,17.34023
A16,01A,1027,512,0.546,True,0.97359,12.45376,4.37425,9.18247,26.01048,0.81009,20.4162,17.82356
A16,01A,0,864,0.532,True,0.97359,11.00696,4.20891,8.81565,24.03151,0.69763,20.461,18.86614
A16,01A,512,864,0.542,True,0.97359,11.28614,4.4041,9.27872,24.96896,0.77386,20.60968,18.15385
A16,01A,1024,864,0.531,True,0.97359,12.03843,4.55341,9.13311,25.72495,0.81879,21.21517,17.32098
A16,01A,1027,864,0.531,True,0.97359,12.18748,4.53266,9.11139,25.83153,0.81765,20.97726,17.48411
A16,01B,0,0,0.516,True,0.94964,11.13864,4.45015,8.83503,24.42382,0.74491,20.28542,19.05117
A16,01B,512,0,0.516,True,0.94964,10.6154,4.69495,8.62436,23.93471,0.67212,19.44596,20.44313
A16,01B,1024,0,0.532,True,0.94964,12.37304,4.41054,9.35277,26.13634,0.67242,18.46174,21.45362
A16,01B,1027,0,0.533,True,0.94964,13.15846,4.14779,9.27305,26.5793,0.66906,17.75106,22.26238
A16,01B,0,512,0.552,True,0.94964,11.25563,4.64287,9.30766,25.20616,0.72872,19.96131,19.72364
A16,01B,512,512,0.515,True,0.94964,11.38649,4.33691,8.39993,24.12333,0.66545,18.82047,21.90716
A16,01B,1024,512,0.544,True,0.94964,11.53224,4.64231,9.69162,25.86617,0.69799,19.12522,20.4726
A16,01B,1027,512,0.545,True,0.94964,12.5944,4.49015,9.61463,26.69918,0.69468,18.09862,21.4246
A16,01B,0,864,0.549,True,0.94964,11.38347,4.33142,9.17064,24.88553,0.69862,19.85455,20.10753
A16,01B,512,864,0.513,True,0.94964,11.32615,4.28341,8.41216,24.02172,0.7112,19.22711,20.97402
A16,01B,1024,864,0.541,True,0.94964,11.21762,4.64929,9.74719,25.6141,0.68609,19.19739,20.56693
A16,01B,1027,864,0.542,True,0.94964,12.03246,4.44867,9.68198,26.16311,0.68296,18.3514,21.38151
A16,01C,0,0,0.532,True,0.9779,13.09364,3.73898,8.43314,25.26576,0.71268,17.89413,21.20217
A16,01C,512,0,0.484,True,0.9779,12.4521,3.65607,8.26711,24.37528,0.7518,18.53138,19.13845
A16,01C,1024,0,0.506,True,0.9779,12.97388,4.00352,8.54652,25.52392,0.82092,19.27249,18.23081
A16,01C,1027,0,0.506,True,0.9779,12.9483,3.99162,8.54079,25.48072,0.82074,19.26313,18.25676
A16,01C,0,512,0.526,True,0.9779,10.5808,4.10215,8.53046,23.21342,0.70892,20.24335,19.33405
A16,01C,512,512,0.504,True,0.9779,10.48607,4.21113,8.76994,23.46713,0.76469,20.97418,17.32409
A16,01C,1024,512,0.49,True,0.9779,11.4474,4.03214,8.41471,23.89426,0.82891,21.56262,16.64473
A16,01C,1027,512,0.489,True,0.9779,11.32115,3.99662,8.37731,23.69507,0.82869,21.56835,16.63675
A16,01C,0,864,0.553,True,0.9779,10.60839,4.30507,9.10684,24.02031,0.71562,20.11318,19.6872
A16,01C,512,864,0.528,True,0.9779,10.68767,4.35828,9.16389,24.20984,0.75511,20.68245,17.91508
A16,01C,1024,864,0.506,True,0.9779,11.41933,4.19656,8.7469,24.3628,0.83327,21.68217,16.51861
A16,01C,1027,864,0.507,True,0.9779,11.44349,4.20554,8.75527,24.4043,0.83266,21.67605,16.5325
A16,01D,0,0,0.54,True,0.95004,12.23074,3.90928,8.73889,24.87891,0.69639,18.6486,21.1738
A16,01D,512,0,0.535,True,0.95004,10.97284,4.47649,8.87966,24.329,0.67615,18.56989,21.69236
A16,01D,1024,0,0.531,True,0.95004,11.29178,4.60589,9.33437,25.23204,0.66762,18.65377,21.44737
A16,01D,1027,0,0.532,True,0.95004,11.67209,4.5386,9.30907,25.51976,0.66632,18.32826,21.79795
A16,01D,0,512,0.538,True,0.95004,10.94809,4.20544,8.94116,24.09469,0.69748,20.00364,19.81503
A16,01D,512,512,0.55,True,0.95004,10.17183,4.66514,9.03955,23.87652,0.66945,19.02979,21.67651
A16,01D,1024,512,0.495,True,0.95004,10.53817,4.71516,8.57337,23.82671,0.66161,19.18023,20.50653
A16,01D,1027,512,0.497,True,0.95004,10.40815,4.69673,8.57985,23.68473,0.6603,19.17599,20.52124
A16,01D,0,864,0.495,True,0.95004,10.99137,3.76731,8.13575,22.89443,0.70953,20.10653,19.36982
A16,01D,512,864,0.515,True,0.95004,9.85268,4.48455,8.17705,22.51429,0.67293,19.24775,21.01687
A16,01D,1024,864,0.475,True,0.95004,10.10681,4.66533,8.13554,22.90767,0.68019,19.36261,19.90854
A16,01D,1027,864,0.476,True,0.95004,10.07012,4.66199,8.1523,22.88441,0.6793,19.36694,19.90363
A16,02A,0,0,0.504,True,0.9571,14.76423,4.82974,7.53802,27.13199,0.6472,18.92909,20.62995
A16,02A,512,0,0.511,True,0.9571,13.08554,4.27563,7.62633,24.98751,0.63936,19.50294,20.0264
A16,02A,1024,0,0.527,True,0.9571,12.89725,5.03447,8.94812,26.87984,0.66091,18.59747,20.56414
A16,02A,1027,0,0.527,True,0.9571,13.90608,4.84082,8.88578,27.63267,0.6569,17.72516,21.49426
A16,02A,0,512,0.478,True,0.9571,13.19055,4.67404,6.9545,24.81908,0.67529,20.55318,19.19331
A16,02A,512,512,0.51,True,0.9571,12.29021,4.46874,7.75627,24.51523,0.65657,20.32106,19.59922
A16,02A,1024,512,0.52,True,0.9571,11.80496,4.9873,8.96276,25.75503,0.67746,19.48181,19.59535
A16,02A,1027,512,0.521,True,0.9571,12.64375,4.73559,8.88547,26.26482,0.67348,18.48625,20.50706
A16,02A,0,864,0.46,True,0.9571,12.96218,4.47164,6.43575,23.86958,0.68451,20.76022,18.7628
A16,02A,512,864,0.483,True,0.9571,11.90052,4.14105,6.9075,22.94906,0.65716,20.42059,19.30569
A16,02A,1024,864,0.521,True,0.9571,11.41661,4.98797,8.66396,25.06853,0.67352,19.74619,19.64158
A16,02A,1027,864,0.521,True,0.9571,12.32765,4.77212,8.5817,25.68147,0.66925,18.5927,20.6077
A16,02B,0,0,0.528,True,0.96334,11.28372,5.30171,9.13318,25.71861,0.72999,20.77465,18.33171
A16,02B,512,0,0.555,True,0.96334,11.88664,5.38787,9.51053,26.78504,0.6396,20.38534,19.5732
A16,02B,1024,0,0.569,True,0.96334,10.9598,5.13767,9.9782,26.07567,0.62232,19.62592,20.27763
A16,02B,1027,0,0.569,True,0.96334,11.50871,4.90153,9.89516,26.3054,0.61889,18.6225,21.15064
A16,02B,0,512,0.555,True,0.96334,11.2575,5.84356,10.13547,27.23653,0.71745,20.80359,18.49545
A16,02B,512,512,0.543,True,0.96334,12.15901,5.06041,9.20364,26.42306,0.61429,20.03263,20.35116
A16,02B,1024,512,0.548,True,0.96334,10.99404,4.92897,9.71908,25.64209,0.63135,20.28972,19.51207
A16,02B,1027,512,0.548,True,0.96334,11.37834,4.73052,9.6487,25.75755,0.6285,19.22622,20.33716
A16,02B,0,864,0.536,True,0.96334,11.51197,5.47981,9.16932,26.1611,0.70707,20.22865,19.2653
A16,02B,512,864,0.556,True,0.96334,10.69072,4.61397,9.64684,24.95153,0.62228,20.32033,19.538
A16,02B,1024,864,0.561,True,0.96334,10.90358,4.88597,9.66531,25.45486,0.6299,20.02808,20.13227
A16,02B,1027,864,0.56,True,0.96334,11.10378,4.73561,9.62037,25.45976,0.6277,19.27618,20.74095
A16,02C,0,0,0.476,True,0.9622,15.81977,4.09813,6.83366,26.75156,0.72598,17.06813,21.85207
A16,02C,512,0,0.479,True,0.9622,14.67785,3.76145,6.65642,25.09572,0.68396,17.25167,21.78434
A16,02C,1024,0,0.491,True,0.9622,13.77637,4.29522,7.46964,25.54123,0.69214,17.48247,21.40147
A16,02C,1027,0,0.49,True,0.9622,14.80355,4.18341,7.41104,26.39799,0.68791,16.77204,22.33423
A16,02C,0,512,0.487,True,0.9622,13.18982,5.08187,7.30513,25.57681,0.7662,21.07578,17.73291
A16,02C,512,512,0.497,True,0.9622,11.73785,4.72427,7.45721,23.91934,0.70211,20.55508,18.94159
A16,02C,1024,512,0.489,True,0.9622,10.9652,4.91574,7.74906,23.63,0.72676,20.6036,18.14223
A16,02C,1027,512,0.489,True,0.9622,11.47207,4.83879,7.70605,24.01691,0.72373,19.89242,18.65368
A16,02C,0,864,0.501,True,0.9622,13.4306,5.22659,7.64919,26.30637,0.74584,20.31756,18.50676
A16,02C,512,864,0.497,True,0.9622,12.02036,4.65092,7.52269,24.19397,0.71123,20.77979,18.47717
A16,02C,1024,864,0.495,True,0.9622,11.22971,4.91007,7.76034,23.90012,0.70591,20.32735,18.60142
A16,02C,1027,864,0.496,True,0.9622,11.4506,4.8842,7.77083,24.10563,0.70352,20.09598,18.80904
A16,02D,0,0,0.519,True,0.97549,14.04074,4.75053,8.56035,27.35162,0.73874,17.79516,20.61289
A16,02D,512,0,0.515,True,0.97549,12.09305,4.30409,8.66397,25.0611,0.66272,18.63191,20.58967
A16,02D,1024,0,0.515,True,0.97549,11.29458,4.61285,8.37214,24.27956,0.65487,19.20163,20.10146
A16,02D,1027,0,0.514,True,0.97549,11.49045,4.55071,8.34431,24.38548,0.65395,18.93947,20.35661
A16,02D,0,512,0.499,True,0.97549,12.50262,5.04735,8.38067,25.93064,0.78297,19.75568,18.09461
A16,02D,512,512,0.477,True,0.97549,10.97199,4.54151,7.63824,23.15174,0.74994,21.31664,17.55637
A16,02D,1024,512,0.461,True,0.97549,10.30329,4.55142,7.41684,22.27156,0.7363,21.0883,17.63123
A16,02D,1027,512,0.461,True,0.97549,10.28358,4.55536,7.41589,22.25483,0.73658,21.09402,17.61686
A16,02D,0,864,0.48,True,0.97549,12.9096,4.69284,7.71256,25.315,0.79398,19.35579,18.29217
A16,02D,512,864,0.456,True,0.97549,11.09651,4.44593,6.97016,22.5126,0.75246,21.36368,17.4413
A16,02D,1024,864,0.42,True,0.97549,10.29847,4.41252,6.85325,21.56424,0.73178,21.22269,17.31212
A16,02D,1027,864,0.42,True,0.97549,10.26815,4.40158,6.84029,21.51002,0.73165,21.22366,17.30474
A16,03A,0,0,0.343,True,0.98028,12.31189,3.78879,5.09776,21.19844,0.86998,21.22516,15.31605
A16,03A,512,0,0.454,True,0.98028,10.36108,4.27697,6.48254,21.12059,0.79221,21.22163,16.68585
A16,03A,1024,0,0.477,True,0.98028,11.0762,4.95038,8.02543,24.05201,0.79909,20.78983,16.81944
A16,03A,1027,0,0.477,True,0.98028,12.02977,4.75097,7.96998,24.75072,0.79478,19.36185,17.77875
A16,03A,0,512,0.345,True,0.98028,11.91418,4.03586,5.23209,21.18213,0.88056,23.37552,14.05233
A16,03A,512,512,0.44,True,0.98028,11.02142,4.18989,6.53908,21.75039,0.82897,21.86411,16.04593
A16,03A,1024,512,0.411,True,0.98028,10.29987,4.37769,6.27263,20.95019,0.84324,21.95307,15.17079
A16,03A,1027,512,0.412,True,0.98028,11.25601,4.22646,6.23402,21.71648,0.83905,20.26906,16.08157
A16,03A,0,864,0.367,True,0.98028,12.06805,4.29574,5.5143,21.8781,0.86779,22.62354,14.44389
A16,03A,512,864,0.411,True,0.98028,10.98956,4.13265,6.00703,21.12924,0.83546,21.98954,15.84926
A16,03A,1024,864,0.437,True,0.98028,10.41668,4.3773,6.40919,21.20318,0.83182,21.82414,15.49678
A16,03A,1027,864,0.437,True,0.98028,10.95524,4.27353,6.37479,21.60355,0.82853,20.73802,16.08827
A16,03B,0,0,0.463,True,0.9829,11.55796,4.79007,8.11939,24.46742,0.82692,21.25732,16.72455
A16,03B,512,0,0.48,True,0.9829,11.17907,4.75611,8.34506,24.28024,0.86208,22.1793,15.70444
A16,03B,1024,0,0.451,True,0.9829,10.18629,4.50221,7.60721,22.29571,0.85848,22.0198,15.23372
A16,03B,1027,0,0.451,True,0.9829,11.23441,4.29082,7.53483,23.06006,0.8541,20.16638,16.23624
A16,03B,0,512,0.505,True,0.9829,12.01441,4.99109,8.82596,25.83146,0.8283,21.03595,17.03713
A16,03B,512,512,0.491,True,0.9829,11.42609,4.67738,8.35566,24.45912,0.89122,22.58294,15.09517
A16,03B,1024,512,0.463,True,0.9829,10.34282,4.56827,7.77478,22.68587,0.86888,22.59168,14.87831
A16,03B,1027,512,0.463,True,0.9829,11.20129,4.44292,7.70749,23.35169,0.86534,20.95844,15.66051
A16,03B,0,864,0.493,True,0.9829,12.28868,4.84683,8.33374,25.46925,0.82816,20.5409,17.17117
A16,03B,512,864,0.523,True,0.9829,11.5765,4.93043,8.84132,25.34824,0.87717,22.08652,15.87195
A16,03B,1024,864,0.46,True,0.9829,10.19945,4.55012,7.59403,22.3436,0.85812,22.46757,15.07321
A16,03B,1027,864,0.459,True,0.9829,10.75002,4.53036,7.56433,22.84471,0.85622,21.5235,15.51331
A16,03C,0,0,0.363,True,0.97921,15.31461,3.47863,5.09162,23.88486,0.82424,17.68373,18.46639
A16,03C,512,0,0.439,True,0.97921,13.25058,3.8705,6.02713,23.14821,0.76547,18.31448,19.36127
A16,03C,1024,0,0.429,True,0.97921,12.40969,4.21727,6.14183,22.76879,0.75675,18.7585,18.13507
A16,03C,1027,0,0.429,True,0.97921,12.5746,4.18979,6.13362,22.89801,0.75449,18.63805,18.30917
A16,03C,0,512,0.404,True,0.97921,13.61429,4.38438,6.21082,24.20949,0.80616,19.93392,16.53181
A16,03C,512,512,0.409,True,0.97921,11.29066,4.30043,6.20506,21.79615,0.75583,21.8164,16.33175
A16,03C,1024,512,0.411,True,0.97921,10.50088,4.4785,6.16023,21.13961,0.74529,22.08607,15.36054
A16,03C,1027,512,0.411,True,0.97921,10.4701,4.46432,6.14889,21.08331,0.74362,22.06975,15.37528
A16,03C,0,864,0.311,True,0.97921,13.78596,3.49827,4.73094,22.01517,0.80255,19.7384,15.86258
A16,03C,512,864,0.376,True,0.97921,11.37041,4.08939,5.51879,20.97859,0.75864,22.135,15.84966
A16,03C,1024,864,0.432,True,0.97921,11.0047,4.91845,6.80422,22.72738,0.77318,21.82785,15.82855
A16,03C,1027,864,0.431,True,0.97921,11.13916,4.95655,6.79531,22.89103,0.77222,21.82534,15.82294
A16,03D,0,0,0.371,True,0.98225,13.65993,3.46291,5.55714,22.67998,0.78795,18.8719,17.36988
A16,03D,512,0,0.429,True,0.98225,12.3322,4.08537,6.54189,22.95947,0.8302,20.86069,16.26438
A16,03D,1024,0,0.502,True,0.98225,11.23165,4.86678,8.01337,24.1118,0.8203,21.38854,16.22471
A16,03D,1027,0,0.501,True,0.98225,11.28625,4.89968,8.00499,24.19092,0.81981,21.34899,16.26761
A16,03D,0,512,0.413,True,0.98225,13.47271,4.23806,6.41973,24.1305,0.77258,19.45217,16.9322
A16,03D,512,512,0.446,True,0.98225,11.84089,4.57804,6.90222,23.32115,0.82228,22.58192,15.30475
A16,03D,1024,512,0.501,True,0.98225,10.85317,4.95875,8.00493,23.81686,0.80887,22.14939,15.8412
A16,03D,1027,512,0.501,True,0.98225,10.77431,4.9679,8.01465,23.75685,0.80872,22.14341,15.84822
A16,03D,0,864,0.455,True,0.98225,13.95755,4.90769,7.70469,26.56993,0.79912,18.98004,17.61662
A16,03D,512,864,0.454,True,0.98225,12.01881,4.60599,7.0805,23.7053,0.82668,22.16964,15.90775
A16,03D,1024,864,0.481,True,0.98225,11.11781,4.78817,7.52905,23.43503,0.81196,22.11156,15.95834
A16,03D,1027,864,0.482,True,0.98225,11.06855,4.78357,7.54338,23.3955,0.81158,22.11159,15.95782
A16,04A,0,0,0.513,True,0.98549,12.45605,4.69936,9.43856,26.59396,0.84004,19.87936,17.75018
A16,04A,512,0,0.483,True,0.98549,11.37926,4.25659,8.58502,24.22086,0.88655,21.77252,15.42204
A16,04A,1024,0,0.496,True,0.98549,10.23547,4.48185,8.41724,23.13457,0.87878,22.32806,15.09363
A16,04A,1027,0,0.496,True,0.98549,11.07213,4.23225,8.33947,23.64385,0.87482,20.68052,15.96296
A16,04A,0,512,0.492,True,0.98549,12.53596,4.29742,8.96593,25.7993,0.85542,20.59701,17.15171
A16,04A,512,512,0.516,True,0.98549,11.39947,4.5403,9.01836,24.95813,0.90698,22.64375,14.97653
A16,04A,1024,512,0.548,True,0.98549,10.55291,4.5159,9.37891,24.44772,0.8775,22.3412,15.36242
A16,04A,1027,512,0.548,True,0.98549,11.1083,4.36052,9.32442,24.79324,0.87539,21.29104,15.89536
A16,04A,0,864,0.48,True,0.98549,12.37445,4.29669,8.54862,25.21976,0.85275,20.17154,17.09696
A16,04A,512,864,0.504,True,0.98549,11.60324,4.3403,8.46463,24.40818,0.88715,22.33996,15.46206
A16,04A,1024,864,0.559,True,0.98549,10.60467,4.67387,9.52855,24.80708,0.85911,22.036,15.88311
A16,04A,1027,864,0.558,True,0.98549,10.88403,4.65174,9.49374,25.02951,0.85817,21.64023,16.09678
A16,04B,0,0,0.498,True,0.95913,10.23599,4.66714,8.82748,23.7306,0.71399,19.59577,19.22135
A16,04B,512,0,0.469,True,0.95913,10.36948,4.83357,8.04834,23.2514,0.67273,19.55152,19.59702
A16,04B,1024,0,0.563,True,0.95913,10.69067,4.47762,9.61364,24.78194,0.7708,19.92817,19.33908
A16,04B,1027,0,0.564,True,0.95913,10.72414,4.49315,9.60499,24.82228,0.76886,19.89474,19.40135
A16,04B,0,512,0.514,True,0.95913,10.73748,4.23995,9.10962,24.08705,0.69827,18.95007,20.1927
A16,04B,512,512,0.495,True,0.95913,10.72693,4.143,9.01234,23.88227,0.7549,19.81916,19.05704
A16,04B,1024,512,0.492,True,0.95913,10.61032,3.98296,8.4906,23.08388,0.7964,20.64731,17.71559
A16,04B,1027,512,0.491,True,0.95913,10.55082,3.96723,8.47232,22.99036,0.79445,20.60879,17.77003
A16,04B,0,864,0.495,True,0.95913,10.97324,4.11071,8.67825,23.7622,0.70731,18.71555,19.9969
A16,04B,512,864,0.499,True,0.95913,10.77113,4.02963,9.00843,23.80918,0.75307,19.75798,19.189
A16,04B,1024,864,0.455,True,0.95913,10.41751,3.50197,7.63943,21.55891,0.80337,20.83184,17.38513
A16,04B,1027,864,0.454,True,0.95913,10.58648,3.5295,7.61942,21.7354,0.80176,20.80941,17.41395
A16,04C,0,0,0.498,True,0.98379,15.45847,3.68596,8.1627,27.30713,0.81253,16.97135,20.45048
A16,04C,512,0,0.5,True,0.98379,13.69386,3.92216,8.11171,25.72774,0.83984,18.69347,18.08499
A16,04C,1024,0,0.503,True,0.98379,12.27065,4.12708,8.30575,24.70348,0.82731,19.23147,17.58745
A16,04C,1027,0,0.503,True,0.98379,12.31099,4.14422,8.32926,24.78447,0.82719,19.24096,17.57701
A16,04C,0,512,0.528,True,0.98379,13.60933,4.53682,9.18907,27.33521,0.82831,18.80344,18.27501
A16,04C,512,512,0.528,True,0.98379,11.28904,4.77392,8.93788,25.00084,0.85582,22.32665,15.63098
A16,04C,1024,512,0.503,True,0.98379,10.25301,4.45397,8.38611,23.09309,0.82002,21.92354,16.04879
A16,04C,1027,512,0.503,True,0.98379,10.33859,4.46781,8.39765,23.20404,0.81993,21.92432,16.04542
A16,04C,0,864,0.534,True,0.98379,13.94095,4.63678,9.32143,27.89916,0.82925,18.45741,18.80417
A16,04C,512,864,0.515,True,0.98379,11.41327,4.561,8.65978,24.63405,0.84764,21.93918,16.21693
A16,04C,1024,864,0.501,True,0.98379,10.33377,4.27356,8.20306,22.81039,0.83362,21.9608,15.98053
A16,04C,1027,864,0.501,True,0.98379,10.41817,4.28749,8.22761,22.93328,0.83376,21.96262,15.97512
A16,04D,0,0,0.524,True,0.96463,13.08722,4.16254,9.12208,26.37184,0.69614,17.20431,21.78911
A16,04D,512,0,0.511,True,0.96463,12.0309,3.70789,8.96973,24.70852,0.73654,18.5837,20.52219
A16,04D,1024,0,0.485,True,0.96463,10.91545,3.53993,8.0451,22.50048,0.76719,19.80889,19.04421
A16,04D,1027,0,0.485,True,0.96463,10.91428,3.52514,8.07066,22.51008,0.76528,19.77308,19.1118
A16,04D,0,512,0.509,True,0.96463,11.98605,4.09075,8.9851,25.0619,0.72404,18.26085,20.07221
A16,04D,512,512,0.483,True,0.96463,11.26596,3.96602,8.53321,23.76519,0.76967,20.45192,18.05412
A16,04D,1024,512,0.508,True,0.96463,10.44191,4.00483,8.49903,22.94578,0.77221,20.38469,18.66227
A16,04D,1027,512,0.508,True,0.96463,10.47642,4.02626,8.49095,22.99363,0.77049,20.35741,18.7111
A16,04D,0,864,0.515,True,0.96463,12.36596,4.07636,9.22077,25.66309,0.73186,18.00437,20.30999
A16,04D,512,864,0.505,True,0.96463,11.44706,4.20734,8.97556,24.62996,0.73118,19.85775,19.25116
A16,04D,1024,864,0.515,True,0.96463,10.56617,4.14072,8.42195,23.12885,0.75749,20.27932,19.01745
A16,04D,1027,864,0.515,True,0.96463,10.61036,4.17235,8.43331,23.21603,0.75563,20.25628,19.06239
A16,05A,0,0,0.531,True,0.98338,10.42992,3.86917,9.59517,23.89426,0.89555,22.42409,14.84538
A16,05A,512,0,0.492,True,0.98338,9.25197,3.68642,8.36055,21.29894,0.84753,21.9006,15.44785
A16,05A,1024,0,0.484,True,0.98338,9.14395,4.08744,8.19111,21.42251,0.82985,20.80409,15.7535
A16,05A,1027,0,0.485,True,0.98338,10.18193,3.92513,8.11875,22.22581,0.82488,19.3444,16.7576
A16,05A,0,512,0.517,True,0.98338,10.33911,3.81094,8.92386,23.07391,0.90281,22.76568,14.44407
A16,05A,512,512,0.515,True,0.98338,9.48882,4.02895,8.53578,22.05354,0.8307,21.80194,15.89724
A16,05A,1024,512,0.493,True,0.98338,8.83501,4.32049,8.13543,21.29093,0.81596,21.29619,16.01805
A16,05A,1027,512,0.494,True,0.98338,9.83813,4.17667,8.07922,22.09402,0.8115,19.88717,16.9187
A16,05A,0,864,0.518,True,0.98338,10.66071,3.90583,8.60308,23.16962,0.89102,22.34205,14.96749
A16,05A,512,864,0.514,True,0.98338,9.37621,3.98727,8.2566,21.62008,0.80868,21.41855,16.62296
A16,05A,1024,864,0.5,True,0.98338,8.73125,4.39463,8.0786,21.20448,0.79616,21.01817,16.64268
A16,05A,1027,864,0.501,True,0.98338,9.42418,4.31122,8.0307,21.7661,0.79296,20.12115,17.25558
A16,05B,0,0,0.528,True,0.98675,10.02818,4.30383,9.2562,23.58821,0.81201,20.98503,17.05331
A16,05B,512,0,0.509,True,0.98675,10.21629,3.96587,8.65713,22.83929,0.89115,22.585,14.71347
A16,05B,1024,0,0.463,True,0.98675,9.08228,4.04006,7.92645,21.04879,0.88874,22.64474,13.5743
A16,05B,1027,0,0.463,True,0.98675,10.06969,3.85102,7.88149,21.8022,0.8839,20.58446,14.56847
A16,05B,0,512,0.536,True,0.98675,10.17519,4.22442,9.20667,23.60628,0.81761,20.96774,16.99501
A16,05B,512,512,0.509,True,0.98675,9.97312,4.07176,8.63426,22.67914,0.8905,22.64523,14.65678
A16,05B,1024,512,0.482,True,0.98675,8.6645,4.07671,8.33922,21.08043,0.86508,23.03114,14.00222
A16,05B,1027,512,0.481,True,0.98675,9.62237,3.98975,8.28001,21.89213,0.86112,20.9526,14.91127
A16,05B,0,864,0.494,True,0.98675,10.40057,3.9355,8.39569,22.73177,0.83083,20.76379,16.69777
A16,05B,512,864,0.477,True,0.98675,10.02625,3.92046,7.95139,21.8981,0.88297,22.51895,14.8378
A16,05B,1024,864,0.466,True,0.98675,8.95852,3.88601,7.77358,20.61812,0.8476,21.84072,14.96486
A16,05B,1027,864,0.465,True,0.98675,9.57756,3.87522,7.73236,21.18513,0.8452,20.83346,15.49328
A16,05C,0,0,0.515,True,0.97709,13.19915,3.66489,8.30344,25.16748,0.85728,18.1955,18.18953
A16,05C,512,0,0.549,True,0.97709,11.38841,3.59159,8.52728,23.50727,0.75754,18.42589,20.21362
A16,05C,1024,0,0.525,True,0.97709,10.39546,4.2428,8.63826,23.27653,0.75696,18.79247,19.04283
A16,05C,1027,0,0.525,True,0.97709,10.5577,4.18306,8.62657,23.36733,0.75545,18.63489,19.23747
A16,05C,0,512,0.528,True,0.97709,11.72497,3.94718,8.78276,24.45491,0.8781,20.58112,16.31436
A16,05C,512,512,0.533,True,0.97709,9.49264,3.81951,8.49686,21.80902,0.77652,20.63514,18.20623
A16,05C,1024,512,0.52,True,0.97709,8.98618,4.53004,8.45717,21.9734,0.75462,20.84088,17.39294
A16,05C,1027,512,0.521,True,0.97709,9.04434,4.55362,8.48797,22.08593,0.75323,20.81771,17.43113
A16,05C,0,864,0.489,True,0.97709,11.98441,3.67565,7.81965,23.47971,0.87166,20.08992,16.4434
A16,05C,512,864,0.499,True,0.97709,9.55988,3.79935,7.82852,21.18775,0.78833,20.99437,17.57059
A16,05C,1024,864,0.53,True,0.97709,9.10168,4.54766,8.40868,22.05803,0.74659,20.45166,18.23602
A16,05C,1027,864,0.53,True,0.97709,9.04831,4.51535,8.42025,21.98391,0.74522,20.43543,18.2606
A16,05D,0,0,0.522,True,0.9816,11.69648,3.85673,8.8487,24.40192,0.82575,19.12917,18.06361
A16,05D,512,0,0.471,True,0.9816,10.90194,3.74614,7.46781,22.11589,0.82714,20.96779,16.81312
A16,05D,1024,0,0.504,True,0.9816,9.09428,4.25387,7.92708,21.27524,0.77011,21.39741,16.79916
A16,05D,1027,0,0.505,True,0.9816,9.08669,4.20855,7.94245,21.23769,0.76949,21.30801,16.87364
A16,05D,0,512,0.546,True,0.9816,11.51419,4.19643,9.16906,24.87967,0.82455,19.40852,17.95065
A16,05D,512,512,0.438,True,0.9816,9.88948,3.53509,6.99627,20.42084,0.8597,22.55682,14.9626
A16,05D,1024,512,0.498,True,0.9816,9.19642,4.06001,7.91119,21.16762,0.78271,21.53807,16.65055
A16,05D,1027,512,0.498,True,0.9816,9.22945,4.07968,7.93377,21.2429,0.7826,21.53957,16.64271
A16,05D,0,864,0.528,True,0.9816,11.6524,3.92108,8.88727,24.46075,0.83282,19.05496,17.94721
A16,05D,512,864,0.441,True,0.9816,9.94244,3.53233,7.06192,20.53669,0.85646,22.44233,15.08277
A16,05D,1024,864,0.472,True,0.9816,9.36582,3.75478,7.39862,20.51922,0.79903,21.69663,16.29172
A16,05D,1027,864,0.473,True,0.9816,9.32758,3.78356,7.40575,20.51689,0.7987,21.68993,16.30033
A16,06A,0,0,0.512,True,0.98031,10.4838,3.76098,8.79612,23.04091,0.88619,22.23058,15.13543
A16,06A,512,0,0.473,True,0.98031,9.584,3.82115,7.96486,21.37001,0.80738,21.56202,15.73993
A16,06A,1024,0,0.507,True,0.98031,10.15167,3.92981,8.85684,22.93832,0.78596,20.9629,16.6125
A16,06A,1027,0,0.508,True,0.98031,11.10119,3.74848,8.80904,23.65871,0.78219,19.59407,17.53501
A16,06A,0,512,0.501,True,0.98031,10.11896,3.86942,8.38164,22.37002,0.87039,22.17969,15.24132
A16,06A,512,512,0.498,True,0.98031,9.32185,3.93472,8.13348,21.39005,0.81712,21.51642,15.94314
A16,06A,1024,512,0.533,True,0.98031,10.15827,4.03188,9.30876,23.49891,0.78836,20.80051,17.07117
A16,06A,1027,512,0.533,True,0.98031,10.74435,3.9398,9.27026,23.95441,0.7858,20.03111,17.60815
A16,06A,0,864,0.489,True,0.98031,10.23128,3.81736,7.95937,22.008,0.85146,21.77917,16.00717
A16,06A,512,864,0.508,True,0.98031,9.44718,4.04983,8.07606,21.57307,0.78027,20.87142,17.223
A16,06A,1024,864,0.511,True,0.98031,9.94056,4.07381,8.77424,22.78862,0.78977,21.06958,16.59177
A16,06A,1027,864,0.512,True,0.98031,10.18945,4.01124,8.77546,22.97615,0.78854,20.78534,16.80743
A16,06B,0,0,0.514,True,0.98783,10.40492,4.02854,9.15815,23.59161,0.86331,22.53385,14.54875
A16,06B,512,0,0.529,True,0.98783,9.4335,4.08112,9.33177,22.84638,0.88673,23.02266,14.12286
A16,06B,1024,0,0.543,True,0.98783,9.94988,4.00667,9.3128,23.26935,0.8633,20.8753,15.64522
A16,06B,1027,0,0.542,True,0.98783,11.00362,3.83712,9.24426,24.08501,0.85875,19.3762,16.63412
A16,06B,0,512,0.539,True,0.98783,10.31108,4.19918,9.6146,24.12485,0.8781,22.38671,14.98179
A16,06B,512,512,0.52,True,0.98783,9.54939,3.80354,8.57322,21.92614,0.86927,22.50542,14.93336
A16,06B,1024,512,0.523,True,0.98783,9.18206,4.11008,8.72204,22.01418,0.85148,21.73144,15.4198
A16,06B,1027,512,0.523,True,0.98783,10.31512,3.99985,8.68079,22.99575,0.84694,19.88949,16.46078
A16,06B,0,864,0.519,True,0.98783,10.56792,3.91939,8.81861,23.30592,0.87807,22.43068,14.86381
A16,06B,512,864,0.49,True,0.98783,9.38089,3.57518,7.93382,20.88989,0.83622,22.2771,15.2607
A16,06B,1024,864,0.554,True,0.98783,9.27356,4.44222,9.07499,22.79077,0.81494,21.2828,16.5996
A16,06B,1027,864,0.555,True,0.98783,10.10062,4.28951,9.00712,23.39725,0.81169,19.95515,17.4322
A16,06C,0,0,0.514,True,0.97679,12.65361,3.69417,8.17155,24.51933,0.83592,18.36974,18.6489
A16,06C,512,0,0.523,True,0.97679,11.31701,3.99197,8.0785,23.38748,0.76654,18.52241,19.38483
A16,06C,1024,0,0.532,True,0.97679,11.59131,4.0233,8.7802,24.39481,0.8149,19.24881,17.92859
A16,06C,1027,0,0.532,True,0.97679,11.59354,4.0349,8.79299,24.42143,0.81415,19.24349,17.94669
A16,06C,0,512,0.492,True,0.97679,11.33485,3.8596,7.9053,23.09976,0.84364,20.85929,16.38681
A16,06C,512,512,0.526,True,0.97679,9.7394,4.24571,8.42028,22.40538,0.77653,20.99159,17.36023
A16,06C,1024,512,0.547,True,0.97679,10.42282,4.57478,9.40727,24.40488,0.81986,21.19403,16.74303
A16,06C,1027,512,0.547,True,0.97679,10.45377,4.57364,9.41139,24.43879,0.8194,21.17552,16.77222
A16,06C,0,864,0.494,True,0.97679,11.72542,3.67891,7.74474,23.14908,0.81935,20.30606,17.33805
A16,06C,512,864,0.482,True,0.97679,9.65635,3.94154,7.30449,20.90237,0.77734,21.04256,17.29323
A16,06C,1024,864,0.557,True,0.97679,10.51923,4.535,9.46871,24.52295,0.82379,21.10264,16.97876
A16,06C,1027,864,0.557,True,0.97679,10.49544,4.51096,9.46999,24.47638,0.82321,21.08311,17.01059
A16,06D,0,0,0.539,True,0.98594,11.85386,3.93563,8.89685,24.68634,0.89227,20.83493,15.59392
A16,06D,512,0,0.566,True,0.98594,10.32579,4.04713,9.56675,23.93967,0.82934,21.45821,16.22449
A16,06D,1024,0,0.502,True,0.98594,8.91679,4.26858,8.1744,21.35977,0.82697,22.15445,15.26472
A16,06D,1027,0,0.502,True,0.98594,9.33123,4.16397,8.13443,21.62964,0.82507,21.31325,15.70678
A16,06D,0,512,0.559,True,0.98594,11.90855,4.10494,9.23325,25.24674,0.89367,20.97747,15.84213
A16,06D,512,512,0.504,True,0.98594,9.60312,3.70399,7.93988,21.24698,0.82491,21.89086,16.17398
A16,06D,1024,512,0.518,True,0.98594,9.16703,4.41273,8.33746,21.91722,0.80629,21.54924,16.34451
A16,06D,1027,512,0.518,True,0.98594,9.24515,4.39491,8.34598,21.98604,0.80568,21.47315,16.41351
A16,06D,0,864,0.555,True,0.98594,11.88582,4.02757,9.17367,25.08706,0.88952,20.55087,16.09651
A16,06D,512,864,0.514,True,0.98594,9.59534,3.85326,8.06928,21.51788,0.82158,21.87374,16.24977
A16,06D,1024,864,0.519,True,0.98594,9.38631,4.47419,8.2629,22.1234,0.79935,21.4613,16.62826
A16,06D,1027,864,0.52,True,0.98594,9.2546,4.45379,8.27028,21.97867,0.79884,21.44908,16.64586
A16,07A,0,0,0.344,True,0.97443,11.55398,3.76242,4.30548,19.62189,0.82752,22.52856,15.01114
A16,07A,512,0,0.431,True,0.97443,11.3122,4.49224,5.48815,21.29259,0.71925,21.35892,17.36472
A16,07A,1024,0,0.446,True,0.97443,10.11083,4.42333,5.81706,20.35122,0.69235,20.86245,17.62452
A16,07A,1027,0,0.446,True,0.97443,11.02642,4.28683,5.75484,21.06809,0.68858,19.2985,18.65216
A16,07A,0,512,0.419,True,0.97443,12.81843,4.77503,5.31439,22.90785,0.79595,21.27689,16.60462
A16,07A,512,512,0.468,True,0.97443,11.97027,4.66391,6.0402,22.67439,0.69948,20.91245,18.32099
A16,07A,1024,512,0.474,True,0.97443,10.71752,4.81578,6.27951,21.8128,0.66563,20.37566,18.95517
A16,07A,1027,512,0.474,True,0.97443,11.07929,4.7249,6.24303,22.04721,0.66323,19.50978,19.58278
A16,07A,0,864,0.383,True,0.97443,12.94149,4.40911,4.57736,21.92796,0.80917,20.8182,16.55568
A16,07A,512,864,0.466,True,0.97443,11.88987,4.82109,5.94982,22.66078,0.70868,20.94548,18.30118
A16,07A,1024,864,0.47,True,0.97443,10.85965,4.90424,6.21627,21.98016,0.68703,20.67035,18.37066
A16,07A,1027,864,0.47,True,0.97443,11.06235,4.88986,6.20486,22.15707,0.68591,20.2861,18.65639
A16,07B,0,0,0.469,True,0.969,10.24507,5.48016,6.52435,22.24959,0.75559,21.57432,16.06158
A16,07B,512,0,0.451,True,0.969,11.04666,4.32859,6.73858,22.11382,0.76915,21.31862,16.88491
A16,07B,1024,0,0.466,True,0.969,10.70896,3.86224,6.57264,21.14383,0.72152,20.78982,18.23134
A16,07B,1027,0,0.467,True,0.969,11.35668,3.70923,6.52389,21.58979,0.71752,19.40437,19.18176
A16,07B,0,512,0.482,True,0.969,11.23576,4.79146,6.91514,22.94235,0.7754,20.77558,17.5216
A16,07B,512,512,0.502,True,0.969,11.51834,4.9401,7.43147,23.8899,0.76734,21.11238,17.31897
A16,07B,1024,512,0.477,True,0.969,10.79745,4.00941,6.8601,21.66697,0.72477,20.75625,18.3588
A16,07B,1027,512,0.477,True,0.969,11.02069,3.92516,6.82413,21.76998,0.72245,20.00313,18.8568
A16,07B,0,864,0.459,True,0.969,11.16507,4.42171,6.5807,22.16748,0.78254,20.76041,17.07503
A16,07B,512,864,0.499,True,0.969,12.34679,4.44806,7.32076,24.11561,0.75917,20.19659,18.21321
A16,07B,1024,864,0.48,True,0.969,11.99099,3.90353,6.80406,22.69858,0.7341,19.44474,19.02626
A16,07B,1027,864,0.48,True,0.969,12.06677,3.84484,6.78684,22.69845,0.733,19.28088,19.18996
A16,07C,0,0,0.442,True,0.96935,16.09779,4.88919,5.14878,26.13576,0.78757,17.6783,19.90733
A16,07C,512,0,0.446,True,0.96935,13.4811,4.59083,5.20834,23.28026,0.70539,18.85752,20.25815
A16,07C,1024,0,0.489,True,0.96935,11.81886,4.84427,6.22816,22.89128,0.67366,19.43532,19.65205
A16,07C,1027,0,0.489,True,0.96935,11.7816,4.84328,6.22959,22.85448,0.67389,19.43673,19.65318
A16,07C,0,512,0.47,True,0.96935,15.4527,5.60695,5.84316,26.90281,0.78356,18.72238,19.02022
A16,07C,512,512,0.462,True,0.96935,12.61532,4.90001,5.58566,23.10098,0.70139,20.60937,19.03065
A16,07C,1024,512,0.483,True,0.96935,11.22143,5.1686,5.92866,22.3187,0.64699,20.33471,19.29146
A16,07C,1027,512,0.483,True,0.96935,11.23102,5.17111,5.93776,22.3399,0.64682,20.33541,19.28561
A16,07C,0,864,0.5,True,0.96935,16.41197,5.53874,6.35036,28.30107,0.77124,18.21238,20.0444
A16,07C,512,864,0.525,True,0.96935,13.03405,5.23777,6.67272,24.94454,0.67343,20.36285,19.586
A16,07C,1024,864,0.497,True,0.96935,12.03565,4.79552,6.25488,23.08604,0.65861,20.05798,20.01682
A16,07C,1027,864,0.497,True,0.96935,12.043,4.7776,6.27065,23.09125,0.65868,20.0565,20.01923
A16,07D,0,0,0.494,True,0.96501,12.88431,4.73714,6.92927,24.55072,0.7573,19.24013,18.96347
A16,07D,512,0,0.492,True,0.96501,11.99407,4.39735,6.98138,23.37279,0.74731,20.87232,18.05741
A16,07D,1024,0,0.487,True,0.96501,11.50197,3.83973,6.75492,22.09662,0.71161,20.57507,19.00321
A16,07D,1027,0,0.487,True,0.96501,11.53679,3.84082,6.76883,22.14644,0.71061,20.56483,19.01737
A16,07D,0,512,0.489,True,0.96501,13.1125,4.97836,6.67207,24.76294,0.75682,18.99683,18.77758
A16,07D,512,512,0.463,True,0.96501,12.21378,4.2736,6.39241,22.87979,0.76869,20.63359,18.20238
A16,07D,1024,512,0.486,True,0.96501,11.58556,4.1367,6.51811,22.24038,0.7109,20.39285,19.21341
A16,07D,1027,512,0.486,True,0.96501,11.65903,4.16295,6.50599,22.32797,0.7102,20.38217,19.23203
A16,07D,0,864,0.527,True,0.96501,14.11958,5.37429,7.51429,27.00816,0.74537,18.61212,19.60286
A16,07D,512,864,0.488,True,0.96501,12.50764,5.23937,6.44484,24.19185,0.73684,20.62225,18.46032
A16,07D,1024,864,0.481,True,0.96501,11.77375,4.48341,6.29802,22.55517,0.68813,20.17798,19.66312
A16,07D,1027,864,0.481,True,0.96501,11.72444,4.46059,6.28843,22.47346,0.68766,20.17088,19.67562
A16,08A,0,0,0.445,True,0.96307,11.3448,3.82165,6.29081,21.45725,0.73767,20.14358,18.79658
A16,08A,512,0,0.503,True,0.96307,10.53958,4.62935,7.92801,23.09694,0.77235,21.1437,17.01108
A16,08A,1024,0,0.483,True,0.96307,10.86251,4.34776,7.0625,22.27277,0.68635,20.20319,19.51104
A16,08A,1027,0,0.483,True,0.96307,10.98876,4.30265,7.05506,22.34648,0.6847,19.90833,19.75288
A16,08A,0,512,0.483,True,0.96307,10.14542,4.45763,7.03969,21.64274,0.72886,20.80819,17.90778
A16,08A,512,512,0.483,True,0.96307,10.88162,4.49785,7.37613,22.75559,0.79239,21.34006,16.76503
A16,08A,1024,512,0.447,True,0.96307,10.95626,4.21837,6.51461,21.68924,0.71384,20.54975,18.74923
A16,08A,1027,512,0.447,True,0.96307,11.01996,4.23421,6.52378,21.77795,0.71254,20.53622,18.77899
A16,08A,0,864,0.514,True,0.96307,10.13867,5.03397,7.76745,22.94009,0.72966,21.01931,17.68421
A16,08A,512,864,0.465,True,0.96307,11.04945,4.72763,6.87553,22.6526,0.75522,21.22162,16.93036
A16,08A,1024,864,0.42,True,0.96307,10.87661,4.08024,6.04428,21.00114,0.74648,21.04453,17.75215
A16,08A,1027,864,0.42,True,0.96307,10.94429,4.0994,6.05251,21.09619,0.74517,21.01687,17.79912
A16,08B,0,0,0.488,True,0.97014,10.8558,4.25984,7.27461,22.39025,0.65302,19.89591,20.15241
A16,08B,512,0,0.498,True,0.97014,9.0428,4.69539,7.91829,21.65647,0.77364,21.03357,17.3621
A16,08B,1024,0,0.468,True,0.97014,10.09773,4.46873,7.3932,21.95966,0.81111,21.62836,16.39075
A16,08B,1027,0,0.468,True,0.97014,10.1075,4.4121,7.36705,21.88665,0.81011,21.46989,16.50994
A16,08B,0,512,0.497,True,0.97014,11.47815,4.4198,7.21673,23.11468,0.63027,19.88633,20.41083
A16,08B,512,512,0.496,True,0.97014,9.76615,4.75655,7.7344,22.2571,0.74998,20.82312,17.78788
A16,08B,1024,512,0.491,True,0.97014,11.03354,4.76554,7.84451,23.64358,0.80311,21.53843,16.97614
A16,08B,1027,512,0.491,True,0.97014,11.04328,4.77661,7.8449,23.66479,0.80237,21.52571,17.00652
A16,08B,0,864,0.446,True,0.97014,10.85297,4.07426,6.37118,21.29841,0.66512,20.09686,19.22634
A16,08B,512,864,0.49,True,0.97014,10.24024,4.70804,7.48625,22.43452,0.76075,20.24561,17.64524
A16,08B,1024,864,0.457,True,0.97014,12.15833,4.17335,7.11314,23.44483,0.8116,19.9211,17.59167
A16,08B,1027,864,0.457,True,0.97014,12.23727,4.20883,7.11251,23.55861,0.8112,19.91095,17.6284
A16,08C,0,0,0.555,True,0.95632,12.89301,4.82407,7.7695,25.48658,0.68978,18.5349,20.79112
A16,08C,512,0,0.51,True,0.95632,13.17828,4.93363,7.70405,25.81596,0.77013,19.61156,18.0723
A16,08C,1024,0,0.497,True,0.95632,11.65519,4.61139,7.28261,23.54919,0.69811,19.49571,20.0097
A16,08C,1027,0,0.497,True,0.95632,11.7283,4.62569,7.29054,23.64452,0.69708,19.48571,20.03985
A16,08C,0,512,0.515,True,0.95632,11.72583,5.22117,7.23562,24.18262,0.70337,19.96248,18.96923
A16,08C,512,512,0.493,True,0.95632,12.38297,4.3562,7.51505,24.25421,0.7937,20.56323,18.11371
A16,08C,1024,512,0.515,True,0.95632,11.45815,4.8635,7.48414,23.80578,0.67142,19.8016,20.08982
A16,08C,1027,512,0.515,True,0.95632,11.50215,4.86188,7.49282,23.85685,0.66962,19.78127,20.1279
A16,08C,0,864,0.488,True,0.95632,11.61359,5.14506,6.9441,23.70275,0.69534,19.39939,19.2174
A16,08C,512,864,0.504,True,0.95632,12.53069,4.81794,7.69742,25.04604,0.80018,20.9258,17.46027
A16,08C,1024,864,0.505,True,0.95632,11.80929,4.82415,7.12344,23.75687,0.61876,19.04956,21.45241
A16,08C,1027,864,0.505,True,0.95632,11.81431,4.83355,7.12241,23.77027,0.61573,19.02168,21.51352
A16,08D,0,0,0.506,True,0.95065,11.14516,4.79685,7.36665,23.30866,0.62997,19.61735,20.6877
A16,08D,512,0,0.508,True,0.95065,9.95517,4.9617,7.86936,22.78623,0.75453,20.7632,17.90907
A16,08D,1024,0,0.487,True,0.95065,10.86247,4.83023,7.82271,23.51541,0.82329,21.70507,16.28771
A16,08D,1027,0,0.487,True,0.95065,10.77417,4.81956,7.82395,23.41767,0.82223,21.68662,16.32271
A16,08D,0,512,0.533,True,0.95065,11.58291,5.01351,7.65126,24.24768,0.46795,17.56817,25.09034
A16,08D,512,512,0.529,True,0.95065,10.65468,5.17685,8.06793,23.89946,0.77869,21.01637,17.60439
A16,08D,1024,512,0.516,True,0.95065,11.34427,5.14424,8.10413,24.59264,0.81249,21.38473,16.88894
A16,08D,1027,512,0.516,True,0.95065,11.34217,5.13944,8.09051,24.57212,0.81182,21.37387,16.91211
A16,08D,0,864,0.536,True,0.95065,11.72262,5.14549,7.63629,24.5044,0.46625,17.5772,24.74617
A16,08D,512,864,0.53,True,0.95065,10.79731,5.31588,8.06315,24.17634,0.75375,20.81057,17.95788
A16,08D,1024,864,0.496,True,0.95065,11.19383,5.12394,7.65823,23.97601,0.81804,21.61851,16.33516
A16,08D,1027,864,0.496,True,0.95065,11.28662,5.12481,7.65149,24.06292,0.81772,21.61231,16.34879
A16,09A,0,0,0.469,True,0.95248,11.43167,6.32252,6.0313,23.78549,0.7048,20.62027,18.26217
A16,09A,512,0,0.51,True,0.95248,11.11241,6.30557,6.93428,24.35225,0.68833,20.07495,18.81805
A16,09A,1024,0,0.528,True,0.95248,13.30479,5.99527,7.91927,27.21933,0.78701,19.80465,18.25791
A16,09A,1027,0,0.528,True,0.95248,14.39783,5.82172,7.85576,28.0753,0.78312,18.58991,19.26133
A16,09A,0,512,0.502,True,0.95248,11.62862,5.73121,6.48044,23.84027,0.72347,20.53196,18.2934
A16,09A,512,512,0.525,True,0.95248,11.59762,6.41049,7.04217,25.05027,0.65726,19.62061,19.91228
A16,09A,1024,512,0.525,True,0.95248,13.29715,6.20707,7.57167,27.07589,0.79473,20.73491,17.34303
A16,09A,1027,512,0.524,True,0.95248,14.19923,6.01538,7.4981,27.71271,0.79145,19.28369,18.33644
A16,09A,0,864,0.507,True,0.95248,12.50628,6.05319,6.53165,25.09111,0.71923,19.84824,18.86118
A16,09A,512,864,0.502,True,0.95248,12.74837,6.4956,6.33616,25.58013,0.64883,18.51287,20.50042
A16,09A,1024,864,0.462,True,0.95248,14.28198,5.64645,6.23435,26.16278,0.78312,18.60957,18.3811
A16,09A,1027,864,0.462,True,0.95248,15.17049,5.55133,6.20646,26.92829,0.78068,17.84236,19.19028
A16,09B,0,0,0.515,True,0.96219,12.58894,5.96784,7.2737,25.83047,0.8465,21.79075,16.00181
A16,09B,512,0,0.483,True,0.96219,11.51406,6.09745,6.4181,24.02961,0.74586,20.8164,17.64623
A16,09B,1024,0,0.488,True,0.96219,13.46556,6.35982,6.56542,26.39081,0.7514,18.97339,18.67972
A16,09B,1027,0,0.488,True,0.96219,14.50652,6.1771,6.50444,27.18805,0.7469,17.87872,19.7409
A16,09B,0,512,0.5,True,0.96219,12.98535,6.3221,6.83357,26.14102,0.84297,21.98549,15.60231
A16,09B,512,512,0.511,True,0.96219,12.04377,6.44465,6.66869,25.15711,0.72165,20.57543,18.20762
A16,09B,1024,512,0.508,True,0.96219,13.44078,6.57273,6.79634,26.80984,0.73694,19.63415,18.35892
A16,09B,1027,512,0.508,True,0.96219,14.61572,6.4237,6.74256,27.78199,0.73251,18.40041,19.3941
A16,09B,0,864,0.485,True,0.96219,14.98389,5.80444,6.13643,26.92476,0.81936,18.52353,17.96785
A16,09B,512,864,0.498,True,0.96219,14.66873,5.97055,6.0547,26.69398,0.68766,17.61622,20.75761
A16,09B,1024,864,0.516,True,0.96219,16.36677,6.69633,6.53482,29.59791,0.69415,16.77467,21.76307
A16,09B,1027,864,0.516,True,0.96219,17.48567,6.56977,6.49914,30.55459,0.68981,16.08155,22.80876
A16,09C,0,0,0.458,True,0.95767,12.63044,6.59926,4.965,24.19469,0.69124,20.84289,17.73499
A16,09C,512,0,0.463,True,0.95767,11.9349,6.66594,5.36142,23.96225,0.65307,20.11554,18.67453
A16,09C,1024,0,0.441,True,0.95767,13.14043,6.17681,5.38112,24.69837,0.75622,21.29246,16.21958
A16,09C,1027,0,0.44,True,0.95767,13.5352,6.14433,5.37496,25.05448,0.75519,20.78627,16.53935
A16,09C,0,512,0.461,True,0.95767,14.55643,5.84058,5.33098,25.72799,0.7225,20.6755,18.34699
A16,09C,512,512,0.44,True,0.95767,12.61943,6.83932,4.89345,24.3522,0.66587,20.59517,17.54765
A16,09C,1024,512,0.452,True,0.95767,14.0019,6.69078,5.71879,26.41147,0.76891,21.31307,16.26328
A16,09C,1027,512,0.45,True,0.95767,14.05828,6.70127,5.70764,26.4672,0.76945,21.31626,16.25425
A16,09C,0,864,0.44,True,0.95767,14.60923,6.26962,4.6279,25.50675,0.72852,20.83486,17.86246
A16,09C,512,864,0.453,True,0.95767,13.30002,7.23735,5.35895,25.89633,0.70495,20.6656,17.44126
A16,09C,1024,864,0.482,True,0.95767,15.16235,7.65043,6.32794,29.14071,0.7343,20.75904,17.52139
A16,09C,1027,864,0.482,True,0.95767,15.15214,7.64002,6.34938,29.14155,0.73456,20.75553,17.52927
A16,09D,0,0,0.445,True,0.96684,13.26673,6.35093,5.36401,24.98166,0.83049,22.09025,15.47693
A16,09D,512,0,0.491,True,0.96684,12.7765,7.17302,5.60129,25.5508,0.68018,20.84559,17.80237
A16,09D,1024,0,0.471,True,0.96684,12.67619,6.80321,5.91575,25.39515,0.73961,21.1935,16.64516
A16,09D,1027,0,0.47,True,0.96684,13.782,6.71183,5.87926,26.37309,0.73561,19.50589,17.66132
A16,09D,0,512,0.422,True,0.96684,14.02435,6.17287,4.91165,25.10887,0.84743,21.83957,15.26286
A16,09D,512,512,0.43,True,0.96684,12.79726,6.61229,4.79813,24.20769,0.71793,21.3739,16.4348
A16,09D,1024,512,0.307,True,0.96684,11.62501,4.94708,3.36757,19.93965,0.78521,22.56686,13.85812
A16,09D,1027,512,0.307,True,0.96684,12.08195,4.9108,3.35485,20.34759,0.78153,21.55907,14.33031
A16,09D,0,864,0.484,True,0.96684,15.41067,7.11331,6.13366,28.65763,0.84666,20.71646,16.52591
A16,09D,512,864,0.496,True,0.96684,14.32393,8.42601,5.67547,28.42541,0.70641,20.96972,17.53318
A16,09D,1024,864,0.464,True,0.96684,14.33974,7.99603,5.31898,27.65475,0.71963,20.34252,17.48482
A16,09D,1027,864,0.465,True,0.96684,14.50133,7.98609,5.32201,27.80944,0.71648,20.20338,17.63007
